fecha_hora,nivel
2023-02-01 00:00:00,5.069
2023-02-01 01:00:00,5.2981
2023-02-01 02:00:00,5.5744
2023-02-01 03:00:00,5.847
2023-02-01 04:00:00,6.0451
2023-02-01 05:00:00,6.1801
2023-02-01 06:00:00,6.2269
2023-02-01 07:00:00,6.1256
2023-02-01 08:00:00,5.873
2023-02-01 09:00:00,5.5773
2023-02-01 10:00:00,5.3254
2023-02-01 11:00:00,5.1114
2023-02-01 12:00:00,5.0775
2023-02-01 13:00:00,5.2592
2023-02-01 14:00:00,5.4904
2023-02-01 15:00:00,5.7867
2023-02-01 16:00:00,6.0381
2023-02-01 17:00:00,6.1487
2023-02-01 18:00:00,6.2452
2023-02-01 19:00:00,6.1014
2023-02-01 20:00:00,5.9009
2023-02-01 21:00:00,5.5458
2023-02-01 22:00:00,5.1947
2023-02-01 23:00:00,4.9643
2023-02-02 00:00:00,4.8654
2023-02-02 01:00:00,4.9802
2023-02-02 02:00:00,5.2374
2023-02-02 03:00:00,5.5829
2023-02-02 04:00:00,5.8884
2023-02-02 05:00:00,6.1037
2023-02-02 06:00:00,6.284
2023-02-02 07:00:00,6.2912
2023-02-02 08:00:00,6.1929
2023-02-02 09:00:00,5.8879
2023-02-02 10:00:00,5.4916
2023-02-02 11:00:00,5.1961
2023-02-02 12:00:00,5.0192
2023-02-02 13:00:00,5.0238
2023-02-02 14:00:00,5.221
2023-02-02 15:00:00,5.5656
2023-02-02 16:00:00,5.895
2023-02-02 17:00:00,6.1337
2023-02-02 18:00:00,6.2909
2023-02-02 19:00:00,6.3016
2023-02-02 20:00:00,6.2028
2023-02-02 21:00:00,5.8075
2023-02-02 22:00:00,5.4287
2023-02-02 23:00:00,5.0463
2023-02-03 00:00:00,4.8185
2023-02-03 01:00:00,4.7769
2023-02-03 02:00:00,4.93
2023-02-03 03:00:00,5.3298
2023-02-03 04:00:00,5.7048
2023-02-03 05:00:00,6.0203
2023-02-03 06:00:00,6.2882
2023-02-03 07:00:00,6.4221
2023-02-03 08:00:00,6.417
2023-02-03 09:00:00,6.178
2023-02-03 10:00:00,5.7846
2023-02-03 11:00:00,5.3588
2023-02-03 12:00:00,5.0406
2023-02-03 13:00:00,4.9183
2023-02-03 14:00:00,4.9698
2023-02-03 15:00:00,5.2934
2023-02-03 16:00:00,5.6606
2023-02-03 17:00:00,6.022
2023-02-03 18:00:00,6.2599
2023-02-03 19:00:00,6.3754
2023-02-03 20:00:00,6.4008
2023-02-03 21:00:00,6.077
2023-02-03 22:00:00,5.6804
2023-02-03 23:00:00,5.2093
2023-02-04 00:00:00,4.8711
2023-02-04 01:00:00,4.6907
2023-02-04 02:00:00,4.7024
2023-02-04 03:00:00,4.9965
2023-02-04 04:00:00,5.4396
2023-02-04 05:00:00,5.8604
2023-02-04 06:00:00,6.2037
2023-02-04 07:00:00,6.4071
2023-02-04 08:00:00,6.518
2023-02-04 09:00:00,6.4103
2023-02-04 10:00:00,6.1189
2023-02-04 11:00:00,5.5684
2023-02-04 12:00:00,5.146
2023-02-04 13:00:00,4.8795
2023-02-04 14:00:00,4.8459
2023-02-04 15:00:00,5.0044
2023-02-04 16:00:00,5.4361
2023-02-04 17:00:00,5.8736
2023-02-04 18:00:00,6.174
2023-02-04 19:00:00,6.426
2023-02-04 20:00:00,6.5112
2023-02-04 21:00:00,6.3995
2023-02-04 22:00:00,5.9752
2023-02-04 23:00:00,5.4623
2023-02-05 00:00:00,5.0072
2023-02-05 01:00:00,4.691
2023-02-05 02:00:00,4.5759
2023-02-05 03:00:00,4.7643
2023-02-05 04:00:00,5.1568
2023-02-05 05:00:00,5.6539
2023-02-05 06:00:00,6.0559
2023-02-05 07:00:00,6.3564
2023-02-05 08:00:00,6.5444
2023-02-05 09:00:00,6.554
2023-02-05 10:00:00,6.332
2023-02-05 11:00:00,5.7796
2023-02-05 12:00:00,5.3034
2023-02-05 13:00:00,4.9277
2023-02-05 14:00:00,4.6998
2023-02-05 15:00:00,4.7799
2023-02-05 16:00:00,5.0916
2023-02-05 17:00:00,5.6091
2023-02-05 18:00:00,6.0339
2023-02-05 19:00:00,6.2899
2023-02-05 20:00:00,6.4958
2023-02-05 21:00:00,6.4822
2023-02-05 22:00:00,6.2099
2023-02-05 23:00:00,5.6536
2023-02-06 00:00:00,5.174
2023-02-06 01:00:00,4.7177
2023-02-06 02:00:00,4.4737
2023-02-06 03:00:00,4.5031
2023-02-06 04:00:00,4.7787
2023-02-06 05:00:00,5.3352
2023-02-06 06:00:00,5.7978
2023-02-06 07:00:00,6.1708
2023-02-06 08:00:00,6.4403
2023-02-06 09:00:00,6.5434
2023-02-06 10:00:00,6.4513
2023-02-06 11:00:00,5.9587
2023-02-06 12:00:00,5.4582
2023-02-06 13:00:00,4.9704
2023-02-06 14:00:00,4.6335
2023-02-06 15:00:00,4.5659
2023-02-06 16:00:00,4.7752
2023-02-06 17:00:00,5.2464
2023-02-06 18:00:00,5.7554
2023-02-06 19:00:00,6.0927
2023-02-06 20:00:00,6.3716
2023-02-06 21:00:00,6.4898
2023-02-06 22:00:00,6.3649
2023-02-06 23:00:00,5.901
2023-02-07 00:00:00,5.3346
2023-02-07 01:00:00,4.8541
2023-02-07 02:00:00,4.4512
2023-02-07 03:00:00,4.3219
2023-02-07 04:00:00,4.4956
2023-02-07 05:00:00,4.9296
2023-02-07 06:00:00,5.4854
2023-02-07 07:00:00,5.9252
2023-02-07 08:00:00,6.2685
2023-02-07 09:00:00,6.4762
2023-02-07 10:00:00,6.4888
2023-02-07 11:00:00,6.1647
2023-02-07 12:00:00,5.6378
2023-02-07 13:00:00,5.1093
2023-02-07 14:00:00,4.6578
2023-02-07 15:00:00,4.4739
2023-02-07 16:00:00,4.51
2023-02-07 17:00:00,4.9266
2023-02-07 18:00:00,5.4728
2023-02-07 19:00:00,5.902
2023-02-07 20:00:00,6.2526
2023-02-07 21:00:00,6.4327
2023-02-07 22:00:00,6.457
2023-02-07 23:00:00,6.1269
2023-02-08 00:00:00,5.5985
2023-02-08 01:00:00,5.0184
2023-02-08 02:00:00,4.5948
2023-02-08 03:00:00,4.324
2023-02-08 04:00:00,4.3101
2023-02-08 05:00:00,4.6845
2023-02-08 06:00:00,5.1954
2023-02-08 07:00:00,5.7175
2023-02-08 08:00:00,6.0938
2023-02-08 09:00:00,6.3813
2023-02-08 10:00:00,6.5012
2023-02-08 11:00:00,6.377
2023-02-08 12:00:00,5.9366
2023-02-08 13:00:00,5.4093
2023-02-08 14:00:00,4.8949
2023-02-08 15:00:00,4.5922
2023-02-08 16:00:00,4.4761
2023-02-08 17:00:00,4.7309
2023-02-08 18:00:00,5.1777
2023-02-08 19:00:00,5.7061
2023-02-08 20:00:00,6.0673
2023-02-08 21:00:00,6.3415
2023-02-08 22:00:00,6.4521
2023-02-08 23:00:00,6.3214
2023-02-09 00:00:00,5.8821
2023-02-09 01:00:00,5.3179
2023-02-09 02:00:00,4.8788
2023-02-09 03:00:00,4.4552
2023-02-09 04:00:00,4.3751
2023-02-09 05:00:00,4.4893
2023-02-09 06:00:00,4.9636
2023-02-09 07:00:00,5.5004
2023-02-09 08:00:00,5.9373
2023-02-09 09:00:00,6.2549
2023-02-09 10:00:00,6.5025
2023-02-09 11:00:00,6.4909
2023-02-09 12:00:00,6.2021
2023-02-09 13:00:00,5.7312
2023-02-09 14:00:00,5.2004
2023-02-09 15:00:00,4.7964
2023-02-09 16:00:00,4.5879
2023-02-09 17:00:00,4.6904
2023-02-09 18:00:00,4.9874
2023-02-09 19:00:00,5.5334
2023-02-09 20:00:00,5.9469
2023-02-09 21:00:00,6.2492
2023-02-09 22:00:00,6.4642
2023-02-09 23:00:00,6.454
2023-02-10 00:00:00,6.1812
2023-02-10 01:00:00,5.6732
2023-02-10 02:00:00,5.1796
2023-02-10 03:00:00,4.7116
2023-02-10 04:00:00,4.4904
2023-02-10 05:00:00,4.4672
2023-02-10 06:00:00,4.7624
2023-02-10 07:00:00,5.2518
2023-02-10 08:00:00,5.7323
2023-02-10 09:00:00,6.085
2023-02-10 10:00:00,6.3739
2023-02-10 11:00:00,6.4717
2023-02-10 12:00:00,6.396
2023-02-10 13:00:00,5.9988
2023-02-10 14:00:00,5.4843
2023-02-10 15:00:00,5.0317
2023-02-10 16:00:00,4.7164
2023-02-10 17:00:00,4.6173
2023-02-10 18:00:00,4.7558
2023-02-10 19:00:00,5.2154
2023-02-10 20:00:00,5.6208
2023-02-10 21:00:00,5.9956
2023-02-10 22:00:00,6.258
2023-02-10 23:00:00,6.3701
2023-02-11 00:00:00,6.2315
2023-02-11 01:00:00,5.8992
2023-02-11 02:00:00,5.4427
2023-02-11 03:00:00,4.9618
2023-02-11 04:00:00,4.6344
2023-02-11 05:00:00,4.4816
2023-02-11 06:00:00,4.5421
2023-02-11 07:00:00,4.9105
2023-02-11 08:00:00,5.3706
2023-02-11 09:00:00,5.7913
2023-02-11 10:00:00,6.0788
2023-02-11 11:00:00,6.297
2023-02-11 12:00:00,6.3163
2023-02-11 13:00:00,6.1026
2023-02-11 14:00:00,5.671
2023-02-11 15:00:00,5.2787
2023-02-11 16:00:00,4.8696
2023-02-11 17:00:00,4.6826
2023-02-11 18:00:00,4.6748
2023-02-11 19:00:00,4.933
2023-02-11 20:00:00,5.3705
2023-02-11 21:00:00,5.7202
2023-02-11 22:00:00,6.0682
2023-02-11 23:00:00,6.2161
2023-02-12 00:00:00,6.279
2023-02-12 01:00:00,6.0714
2023-02-12 02:00:00,5.7271
2023-02-12 03:00:00,5.3301
2023-02-12 04:00:00,4.9342
2023-02-12 05:00:00,4.703
2023-02-12 06:00:00,4.6338
2023-02-12 07:00:00,4.8253
2023-02-12 08:00:00,5.1732
2023-02-12 09:00:00,5.6261
2023-02-12 10:00:00,5.9216
2023-02-12 11:00:00,6.1631
2023-02-12 12:00:00,6.2698
2023-02-12 13:00:00,6.2335
2023-02-12 14:00:00,5.9662
2023-02-12 15:00:00,5.6132
2023-02-12 16:00:00,5.2785
2023-02-12 17:00:00,4.9654
2023-02-12 18:00:00,4.8351
2023-02-12 19:00:00,4.9168
2023-02-12 20:00:00,5.1654
2023-02-12 21:00:00,5.5334
2023-02-12 22:00:00,5.853
2023-02-12 23:00:00,6.0838
2023-02-13 00:00:00,6.2114
2023-02-13 01:00:00,6.1912
2023-02-13 02:00:00,6.0406
2023-02-13 03:00:00,5.7217
2023-02-13 04:00:00,5.3538
2023-02-13 05:00:00,5.0594
2023-02-13 06:00:00,4.8905
2023-02-13 07:00:00,4.8601
2023-02-13 08:00:00,5.0188
2023-02-13 09:00:00,5.3854
2023-02-13 10:00:00,5.7237
2023-02-13 11:00:00,5.9431
2023-02-13 12:00:00,6.1172
2023-02-13 13:00:00,6.1784
2023-02-13 14:00:00,6.1352
2023-02-13 15:00:00,5.9455
2023-02-13 16:00:00,5.5565
2023-02-13 17:00:00,5.3158
2023-02-13 18:00:00,5.0014
2023-02-13 19:00:00,4.9019
2023-02-13 20:00:00,4.947
2023-02-13 21:00:00,5.1834
2023-02-13 22:00:00,5.5033
2023-02-13 23:00:00,5.7816
2023-02-14 00:00:00,6.0026
2023-02-14 01:00:00,6.068
2023-02-14 02:00:00,6.108
2023-02-14 03:00:00,5.9584
2023-02-14 04:00:00,5.715
2023-02-14 05:00:00,5.4169
2023-02-14 06:00:00,5.1382
2023-02-14 07:00:00,5.0108
2023-02-14 08:00:00,4.9156
2023-02-14 09:00:00,5.0898
2023-02-14 10:00:00,5.34
2023-02-14 11:00:00,5.6268
2023-02-14 12:00:00,5.8672
2023-02-14 13:00:00,6.0218
2023-02-14 14:00:00,6.0811
2023-02-14 15:00:00,6.0706
2023-02-14 16:00:00,5.9379
2023-02-14 17:00:00,5.6653
2023-02-14 18:00:00,5.3376
2023-02-14 19:00:00,5.1417
2023-02-14 20:00:00,4.9666
2023-02-14 21:00:00,5.02
2023-02-14 22:00:00,5.1213
2023-02-14 23:00:00,5.4295
2023-02-15 00:00:00,5.6853
2023-02-15 01:00:00,5.8789
2023-02-15 02:00:00,6.0355
2023-02-15 03:00:00,6.0603
2023-02-15 04:00:00,6.0457
2023-02-15 05:00:00,5.8422
2023-02-15 06:00:00,5.6122
2023-02-15 07:00:00,5.311
2023-02-15 08:00:00,5.1048
2023-02-15 09:00:00,5.0437
2023-02-15 10:00:00,5.0712
2023-02-15 11:00:00,5.2482
2023-02-15 12:00:00,5.528
2023-02-15 13:00:00,5.7673
2023-02-15 14:00:00,5.944
2023-02-15 15:00:00,6.0423
2023-02-15 16:00:00,6.1153
2023-02-15 17:00:00,6.016
2023-02-15 18:00:00,5.7968
2023-02-15 19:00:00,5.4549
2023-02-15 20:00:00,5.1843
2023-02-15 21:00:00,5.0162
2023-02-15 22:00:00,4.9049
2023-02-15 23:00:00,5.0643
2023-02-16 00:00:00,5.2718
2023-02-16 01:00:00,5.5907
2023-02-16 02:00:00,5.847
2023-02-16 03:00:00,6.0405
2023-02-16 04:00:00,6.2029
2023-02-16 05:00:00,6.2281
2023-02-16 06:00:00,6.1201
2023-02-16 07:00:00,5.8461
2023-02-16 08:00:00,5.4558
2023-02-16 09:00:00,5.2262
2023-02-16 10:00:00,5.0127
2023-02-16 11:00:00,4.9998
2023-02-16 12:00:00,5.1189
2023-02-16 13:00:00,5.3979
2023-02-16 14:00:00,5.722
2023-02-16 15:00:00,5.9454
2023-02-16 16:00:00,6.1198
2023-02-16 17:00:00,6.2424
2023-02-16 18:00:00,6.1638
2023-02-16 19:00:00,5.9034
2023-02-16 20:00:00,5.5099
2023-02-16 21:00:00,5.1087
2023-02-16 22:00:00,4.8668
2023-02-16 23:00:00,4.7125
2023-02-17 00:00:00,4.8065
2023-02-17 01:00:00,5.0764
2023-02-17 02:00:00,5.4429
2023-02-17 03:00:00,5.8177
2023-02-17 04:00:00,6.0828
2023-02-17 05:00:00,6.2764
2023-02-17 06:00:00,6.3939
2023-02-17 07:00:00,6.2412
2023-02-17 08:00:00,5.8967
2023-02-17 09:00:00,5.4343
2023-02-17 10:00:00,5.0626
2023-02-17 11:00:00,4.804
2023-02-17 12:00:00,4.6972
2023-02-17 13:00:00,4.9174
2023-02-17 14:00:00,5.2505
2023-02-17 15:00:00,5.651
2023-02-17 16:00:00,5.9849
2023-02-17 17:00:00,6.2174
2023-02-17 18:00:00,6.361
2023-02-17 19:00:00,6.2834
2023-02-17 20:00:00,5.9842
2023-02-17 21:00:00,5.4306
2023-02-17 22:00:00,5.0264
2023-02-17 23:00:00,4.5979
2023-02-18 00:00:00,4.4299
2023-02-18 01:00:00,4.5327
2023-02-18 02:00:00,4.9107
2023-02-18 03:00:00,5.3811
2023-02-18 04:00:00,5.83
2023-02-18 05:00:00,6.1841
2023-02-18 06:00:00,6.42
2023-02-18 07:00:00,6.5353
2023-02-18 08:00:00,6.3874
2023-02-18 09:00:00,5.9233
2023-02-18 10:00:00,5.3654
2023-02-18 11:00:00,4.8833
2023-02-18 12:00:00,4.5453
2023-02-18 13:00:00,4.4812
2023-02-18 14:00:00,4.722
2023-02-18 15:00:00,5.1892
2023-02-18 16:00:00,5.6981
2023-02-18 17:00:00,6.0844
2023-02-18 18:00:00,6.3615
2023-02-18 19:00:00,6.5096
2023-02-18 20:00:00,6.4005
2023-02-18 21:00:00,6.0158
2023-02-18 22:00:00,5.3349
2023-02-18 23:00:00,4.7607
2023-02-19 00:00:00,4.3472
2023-02-19 01:00:00,4.1388
2023-02-19 02:00:00,4.3771
2023-02-19 03:00:00,4.8266
2023-02-19 04:00:00,5.4635
2023-02-19 05:00:00,5.9471
2023-02-19 06:00:00,6.3271
2023-02-19 07:00:00,6.5858
2023-02-19 08:00:00,6.6507
2023-02-19 09:00:00,6.5001
2023-02-19 10:00:00,5.9213
2023-02-19 11:00:00,5.2378
2023-02-19 12:00:00,4.6635
2023-02-19 13:00:00,4.3711
2023-02-19 14:00:00,4.2931
2023-02-19 15:00:00,4.6927
2023-02-19 16:00:00,5.2632
2023-02-19 17:00:00,5.829
2023-02-19 18:00:00,6.2243
2023-02-19 19:00:00,6.5363
2023-02-19 20:00:00,6.6413
2023-02-19 21:00:00,6.5102
2023-02-19 22:00:00,5.8839
2023-02-19 23:00:00,5.1916
2023-02-20 00:00:00,4.5558
2023-02-20 01:00:00,4.0414
2023-02-20 02:00:00,3.9648
2023-02-20 03:00:00,4.2425
2023-02-20 04:00:00,4.8604
2023-02-20 05:00:00,5.5514
2023-02-20 06:00:00,6.0579
2023-02-20 07:00:00,6.4359
2023-02-20 08:00:00,6.6617
2023-02-20 09:00:00,6.7403
2023-02-20 10:00:00,6.4911
2023-02-20 11:00:00,5.8261
2023-02-20 12:00:00,5.0608
2023-02-20 13:00:00,4.4478
2023-02-20 14:00:00,4.1978
2023-02-20 15:00:00,4.2537
2023-02-20 16:00:00,4.767
2023-02-20 17:00:00,5.4007
2023-02-20 18:00:00,5.9604
2023-02-20 19:00:00,6.37
2023-02-20 20:00:00,6.6371
2023-02-20 21:00:00,6.7286
2023-02-20 22:00:00,6.4419
2023-02-20 23:00:00,5.7589
2023-02-21 00:00:00,4.9623
2023-02-21 01:00:00,4.2925
2023-02-21 02:00:00,3.8962
2023-02-21 03:00:00,3.8835
2023-02-21 04:00:00,4.2903
2023-02-21 05:00:00,5.0158
2023-02-21 06:00:00,5.6959
2023-02-21 07:00:00,6.1893
2023-02-21 08:00:00,6.5386
2023-02-21 09:00:00,6.7245
2023-02-21 10:00:00,6.7796
2023-02-21 11:00:00,6.3492
2023-02-21 12:00:00,5.6211
2023-02-21 13:00:00,4.8743
2023-02-21 14:00:00,4.3144
2023-02-21 15:00:00,4.1483
2023-02-21 16:00:00,4.3352
2023-02-21 17:00:00,4.929
2023-02-21 18:00:00,5.6022
2023-02-21 19:00:00,6.1374
2023-02-21 20:00:00,6.5024
2023-02-21 21:00:00,6.7262
2023-02-21 22:00:00,6.757
2023-02-21 23:00:00,6.3225
2023-02-22 00:00:00,5.5654
2023-02-22 01:00:00,4.8348
2023-02-22 02:00:00,4.1564
2023-02-22 03:00:00,3.8967
2023-02-22 04:00:00,3.9809
2023-02-22 05:00:00,4.4782
2023-02-22 06:00:00,5.2603
2023-02-22 07:00:00,5.8805
2023-02-22 08:00:00,6.3231
2023-02-22 09:00:00,6.6294
2023-02-22 10:00:00,6.7714
2023-02-22 11:00:00,6.6887
2023-02-22 12:00:00,6.0926
2023-02-22 13:00:00,5.4152
2023-02-22 14:00:00,4.6606
2023-02-22 15:00:00,4.2644
2023-02-22 16:00:00,4.174
2023-02-22 17:00:00,4.5375
2023-02-22 18:00:00,5.1488
2023-02-22 19:00:00,5.7723
2023-02-22 20:00:00,6.2726
2023-02-22 21:00:00,6.584
2023-02-22 22:00:00,6.7471
2023-02-22 23:00:00,6.6528
2023-02-23 00:00:00,6.0909
2023-02-23 01:00:00,5.3809
2023-02-23 02:00:00,4.6623
2023-02-23 03:00:00,4.0998
2023-02-23 04:00:00,3.9389
2023-02-23 05:00:00,4.1065
2023-02-23 06:00:00,4.7184
2023-02-23 07:00:00,5.4277
2023-02-23 08:00:00,5.9835
2023-02-23 09:00:00,6.3701
2023-02-23 10:00:00,6.6203
2023-02-23 11:00:00,6.6712
2023-02-23 12:00:00,6.4033
2023-02-23 13:00:00,5.8163
2023-02-23 14:00:00,5.1099
2023-02-23 15:00:00,4.5724
2023-02-23 16:00:00,4.2713
2023-02-23 17:00:00,4.3639
2023-02-23 18:00:00,4.7856
2023-02-23 19:00:00,5.3581
2023-02-23 20:00:00,5.9451
2023-02-23 21:00:00,6.3465
2023-02-23 22:00:00,6.604
2023-02-23 23:00:00,6.6902
2023-02-24 00:00:00,6.4691
2023-02-24 01:00:00,5.8774
2023-02-24 02:00:00,5.22
2023-02-24 03:00:00,4.6456
2023-02-24 04:00:00,4.1934
2023-02-24 05:00:00,4.1637
2023-02-24 06:00:00,4.4179
2023-02-24 07:00:00,5.0279
2023-02-24 08:00:00,5.6327
2023-02-24 09:00:00,6.0718
2023-02-24 10:00:00,6.4226
2023-02-24 11:00:00,6.5553
2023-02-24 12:00:00,6.4908
2023-02-24 13:00:00,6.1081
2023-02-24 14:00:00,5.536
2023-02-24 15:00:00,4.9836
2023-02-24 16:00:00,4.5792
2023-02-24 17:00:00,4.4347
2023-02-24 18:00:00,4.5394
2023-02-24 19:00:00,4.9918
2023-02-24 20:00:00,5.5477
2023-02-24 21:00:00,5.9732
2023-02-24 22:00:00,6.3139
2023-02-24 23:00:00,6.4798
2023-02-25 00:00:00,6.4856
2023-02-25 01:00:00,6.1382
2023-02-25 02:00:00,5.6326
2023-02-25 03:00:00,5.1274
2023-02-25 04:00:00,4.6284
2023-02-25 05:00:00,4.4038
2023-02-25 06:00:00,4.4042
2023-02-25 07:00:00,4.7815
2023-02-25 08:00:00,5.2982
2023-02-25 09:00:00,5.7492
2023-02-25 10:00:00,6.1272
2023-02-25 11:00:00,6.3577
2023-02-25 12:00:00,6.3907
2023-02-25 13:00:00,6.2414
2023-02-25 14:00:00,5.853
2023-02-25 15:00:00,5.3982
2023-02-25 16:00:00,5.0032
2023-02-25 17:00:00,4.7088
2023-02-25 18:00:00,4.6412
2023-02-25 19:00:00,4.8038
2023-02-25 20:00:00,5.2631
2023-02-25 21:00:00,5.6792
2023-02-25 22:00:00,6.0199
2023-02-25 23:00:00,6.2698
2023-02-26 00:00:00,6.3589
2023-02-26 01:00:00,6.2553
2023-02-26 02:00:00,5.9537
2023-02-26 03:00:00,5.5747
2023-02-26 04:00:00,5.1623
2023-02-26 05:00:00,4.8552
2023-02-26 06:00:00,4.7251
2023-02-26 07:00:00,4.767
2023-02-26 08:00:00,5.0674
2023-02-26 09:00:00,5.4817
2023-02-26 10:00:00,5.8364
2023-02-26 11:00:00,6.0776
2023-02-26 12:00:00,6.1995
2023-02-26 13:00:00,6.1968
2023-02-26 14:00:00,6.0046
2023-02-26 15:00:00,5.6605
2023-02-26 16:00:00,5.3581
2023-02-26 17:00:00,5.049
2023-02-26 18:00:00,4.8718
2023-02-26 19:00:00,4.8379
2023-02-26 20:00:00,5.0544
2023-02-26 21:00:00,5.4065
2023-02-26 22:00:00,5.7041
2023-02-26 23:00:00,5.9565
2023-02-27 00:00:00,6.1184
2023-02-27 01:00:00,6.1656
2023-02-27 02:00:00,6.0861
2023-02-27 03:00:00,5.8939
2023-02-27 04:00:00,5.5976
2023-02-27 05:00:00,5.302
2023-02-27 06:00:00,5.0708
2023-02-27 07:00:00,4.9692
2023-02-27 08:00:00,5.0396
2023-02-27 09:00:00,5.2546
2023-02-27 10:00:00,5.5644
2023-02-27 11:00:00,5.7969
2023-02-27 12:00:00,5.9652
2023-02-27 13:00:00,6.0321
2023-02-27 14:00:00,5.9973
2023-02-27 15:00:00,5.8354
2023-02-27 16:00:00,5.6553
2023-02-27 17:00:00,5.424
2023-02-27 18:00:00,5.1889
2023-02-27 19:00:00,5.0788
2023-02-27 20:00:00,5.0584
2023-02-27 21:00:00,5.1781
2023-02-27 22:00:00,5.3702
2023-02-27 23:00:00,5.6363
2023-02-28 00:00:00,5.833
2023-02-28 01:00:00,5.957
2023-02-28 02:00:00,6.0179
2023-02-28 03:00:00,6.0106
2023-02-28 04:00:00,5.9358
2023-02-28 05:00:00,5.7087
2023-02-28 06:00:00,5.4983
2023-02-28 07:00:00,5.341
2023-02-28 08:00:00,5.2288
2023-02-28 09:00:00,5.2366
2023-02-28 10:00:00,5.3545
2023-02-28 11:00:00,5.5147
2023-02-28 12:00:00,5.7008
2023-02-28 13:00:00,5.8601
2023-02-28 14:00:00,5.9036
2023-02-28 15:00:00,5.9003
2023-02-28 16:00:00,5.8547
2023-02-28 17:00:00,5.7319
2023-02-28 18:00:00,5.5395
2023-02-28 19:00:00,5.3157
2023-02-28 20:00:00,5.1815
2023-02-28 21:00:00,5.1337
2023-02-28 22:00:00,5.1108
2023-02-28 23:00:00,5.2712
