constituyente,amplitud_m,fase_grados,frecuencia_cph,periodo_h,tramo,nombre,var_explicada_total
M2,1.0056,42.9212,0.0805,12.4206,T01,Isla Cristina (1),0.9899
S2,0.3651,69.5401,0.0833,12.0,T01,Isla Cristina (1),0.9899
N2,0.2145,26.2564,0.079,12.6583,T01,Isla Cristina (1),0.9899
K2,0.0979,63.3657,0.0836,11.9672,T01,Isla Cristina (1),0.9899
K1,0.0637,39.7202,0.0418,23.9345,T01,Isla Cristina (1),0.9899
O1,0.0591,298.1533,0.0387,25.8193,T01,Isla Cristina (1),0.9899
SA,0.0547,248.2449,0.0001,8766.2315,T01,Isla Cristina (1),0.9899
SSA,0.0314,56.7615,0.0002,4382.9063,T01,Isla Cristina (1),0.9899
P1,0.0198,35.0189,0.0416,24.0659,T01,Isla Cristina (1),0.9899
Q1,0.0174,245.8584,0.0372,26.8684,T01,Isla Cristina (1),0.9899
M4,0.0167,123.172,0.161,6.2103,T01,Isla Cristina (1),0.9899
S1,0.0068,285.6111,0.0417,24.0,T01,Isla Cristina (1),0.9899
MF,0.0034,38.4316,0.0031,327.859,T01,Isla Cristina (1),0.9899
MM,0.0029,278.5138,0.0015,661.3092,T01,Isla Cristina (1),0.9899
MSF,0.0023,70.5982,0.0028,354.3671,T01,Isla Cristina (1),0.9899
S4,0.0019,186.3963,0.1667,6.0,T01,Isla Cristina (1),0.9899
MS4,0.0014,54.4979,0.1638,6.1033,T01,Isla Cristina (1),0.9899
SK3,0.0014,342.718,0.1251,7.9927,T01,Isla Cristina (1),0.9899
MN4,0.0011,336.2678,0.1595,6.2692,T01,Isla Cristina (1),0.9899
T2,0.0008,97.1356,0.0832,12.0164,T01,Isla Cristina (1),0.9899
MU2,0.0007,277.7823,0.0777,12.8718,T01,Isla Cristina (1),0.9899
H2,0.0007,115.8292,0.0806,12.403,T01,Isla Cristina (1),0.9899
PSI1,0.0006,43.6031,0.0419,23.8693,T01,Isla Cristina (1),0.9899
L2,0.0005,197.2255,0.082,12.1916,T01,Isla Cristina (1),0.9899
2MS6,0.0005,298.0204,0.2444,4.0924,T01,Isla Cristina (1),0.9899
R2,0.0004,273.048,0.0834,11.9836,T01,Isla Cristina (1),0.9899
PI1,0.0004,249.2892,0.0414,24.1321,T01,Isla Cristina (1),0.9899
H1,0.0004,102.7499,0.0804,12.4382,T01,Isla Cristina (1),0.9899
M6,0.0004,222.7909,0.2415,4.1402,T01,Isla Cristina (1),0.9899
MKS2,0.0004,22.5179,0.0807,12.3855,T01,Isla Cristina (1),0.9899
MK4,0.0003,60.5784,0.1641,6.0949,T01,Isla Cristina (1),0.9899
SO1,0.0003,178.4757,0.0446,22.4202,T01,Isla Cristina (1),0.9899
MSM,0.0003,97.3529,0.0013,763.4866,T01,Isla Cristina (1),0.9899
OO1,0.0003,117.5774,0.0448,22.3061,T01,Isla Cristina (1),0.9899
PHI1,0.0003,347.652,0.042,23.8045,T01,Isla Cristina (1),0.9899
2SK5,0.0003,58.9065,0.2084,4.7974,T01,Isla Cristina (1),0.9899
MK3,0.0002,346.8326,0.1223,8.1771,T01,Isla Cristina (1),0.9899
SIG1,0.0002,233.7063,0.0359,27.8484,T01,Isla Cristina (1),0.9899
TAU1,0.0002,68.4233,0.039,25.6681,T01,Isla Cristina (1),0.9899
MO3,0.0002,250.6766,0.1192,8.3863,T01,Isla Cristina (1),0.9899
NU2,0.0002,159.1876,0.0792,12.626,T01,Isla Cristina (1),0.9899
2MN6,0.0002,214.8544,0.24,4.1663,T01,Isla Cristina (1),0.9899
MSN2,0.0002,89.8586,0.0848,11.7861,T01,Isla Cristina (1),0.9899
NO1,0.0002,211.7808,0.0403,24.8332,T01,Isla Cristina (1),0.9899
RHO1,0.0002,175.6376,0.0374,26.7231,T01,Isla Cristina (1),0.9899
LDA2,0.0002,234.895,0.0818,12.2218,T01,Isla Cristina (1),0.9899
J1,0.0002,184.3171,0.0433,23.0985,T01,Isla Cristina (1),0.9899
2SM6,0.0002,26.9157,0.2472,4.0457,T01,Isla Cristina (1),0.9899
SN4,0.0002,349.9917,0.1623,6.1602,T01,Isla Cristina (1),0.9899
ETA2,0.0001,137.9292,0.0851,11.7545,T01,Isla Cristina (1),0.9899
SK4,0.0001,51.2732,0.1669,5.9918,T01,Isla Cristina (1),0.9899
CHI1,0.0001,226.9752,0.0405,24.7091,T01,Isla Cristina (1),0.9899
2MK6,0.0001,292.7992,0.2446,4.0886,T01,Isla Cristina (1),0.9899
BET1,0.0001,223.299,0.04,24.9748,T01,Isla Cristina (1),0.9899
2N2,0.0001,126.665,0.0775,12.9054,T01,Isla Cristina (1),0.9899
2MK5,0.0001,230.7871,0.2028,4.9309,T01,Isla Cristina (1),0.9899
SO3,0.0001,286.0525,0.1221,8.1924,T01,Isla Cristina (1),0.9899
OQ2,0.0001,30.7246,0.076,13.1622,T01,Isla Cristina (1),0.9899
UPS1,0.0001,158.6061,0.0463,21.5782,T01,Isla Cristina (1),0.9899
ALP1,0.0001,132.4774,0.0344,29.0727,T01,Isla Cristina (1),0.9899
THE1,0.0001,86.4909,0.0431,23.207,T01,Isla Cristina (1),0.9899
3MK7,0.0001,92.4522,0.2833,3.5296,T01,Isla Cristina (1),0.9899
M3,0.0001,303.5725,0.1208,8.2804,T01,Isla Cristina (1),0.9899
M8,0.0001,180.5836,0.322,3.1052,T01,Isla Cristina (1),0.9899
GAM2,0.0,253.3181,0.0803,12.4519,T01,Isla Cristina (1),0.9899
MSK6,0.0,338.5608,0.2474,4.0419,T01,Isla Cristina (1),0.9899
EPS2,0.0,254.3656,0.0762,13.1273,T01,Isla Cristina (1),0.9899
2Q1,0.0,137.5369,0.0357,28.0062,T01,Isla Cristina (1),0.9899
M2,1.0114,42.8217,0.0805,12.4206,T02,Isla Cristina (2),0.9898
S2,0.3674,69.4626,0.0833,12.0,T02,Isla Cristina (2),0.9898
N2,0.2157,26.151,0.079,12.6583,T02,Isla Cristina (2),0.9898
K2,0.0985,63.2812,0.0836,11.9672,T02,Isla Cristina (2),0.9898
K1,0.0632,39.7656,0.0418,23.9345,T02,Isla Cristina (2),0.9898
O1,0.0586,298.7412,0.0387,25.8193,T02,Isla Cristina (2),0.9898
SA,0.0553,247.3104,0.0001,8766.2315,T02,Isla Cristina (2),0.9898
SSA,0.0317,56.7959,0.0002,4382.9063,T02,Isla Cristina (2),0.9898
P1,0.0197,34.8074,0.0416,24.0659,T02,Isla Cristina (2),0.9898
Q1,0.0173,246.5213,0.0372,26.8684,T02,Isla Cristina (2),0.9898
M4,0.017,123.5124,0.161,6.2103,T02,Isla Cristina (2),0.9898
S1,0.0077,284.9903,0.0417,24.0,T02,Isla Cristina (2),0.9898
MF,0.0034,37.6358,0.0031,327.859,T02,Isla Cristina (2),0.9898
MM,0.003,277.3124,0.0015,661.3092,T02,Isla Cristina (2),0.9898
MSF,0.0022,74.5373,0.0028,354.3671,T02,Isla Cristina (2),0.9898
S4,0.002,187.8019,0.1667,6.0,T02,Isla Cristina (2),0.9898
MS4,0.0014,46.2311,0.1638,6.1033,T02,Isla Cristina (2),0.9898
SK3,0.0014,343.1799,0.1251,7.9927,T02,Isla Cristina (2),0.9898
MN4,0.0012,330.8164,0.1595,6.2692,T02,Isla Cristina (2),0.9898
PSI1,0.0008,36.0432,0.0419,23.8693,T02,Isla Cristina (2),0.9898
T2,0.0008,98.1074,0.0832,12.0164,T02,Isla Cristina (2),0.9898
MU2,0.0007,277.1113,0.0777,12.8718,T02,Isla Cristina (2),0.9898
H2,0.0007,115.0323,0.0806,12.403,T02,Isla Cristina (2),0.9898
L2,0.0005,197.6477,0.082,12.1916,T02,Isla Cristina (2),0.9898
2MS6,0.0005,300.0401,0.2444,4.0924,T02,Isla Cristina (2),0.9898
PI1,0.0004,254.9324,0.0414,24.1321,T02,Isla Cristina (2),0.9898
R2,0.0004,278.7498,0.0834,11.9836,T02,Isla Cristina (2),0.9898
M6,0.0004,226.8941,0.2415,4.1402,T02,Isla Cristina (2),0.9898
MKS2,0.0004,20.3494,0.0807,12.3855,T02,Isla Cristina (2),0.9898
MSM,0.0003,99.2835,0.0013,763.4866,T02,Isla Cristina (2),0.9898
MK4,0.0003,52.4172,0.1641,6.0949,T02,Isla Cristina (2),0.9898
PHI1,0.0003,345.8971,0.042,23.8045,T02,Isla Cristina (2),0.9898
SO1,0.0003,171.2183,0.0446,22.4202,T02,Isla Cristina (2),0.9898
OO1,0.0003,111.8206,0.0448,22.3061,T02,Isla Cristina (2),0.9898
H1,0.0003,100.0732,0.0804,12.4382,T02,Isla Cristina (2),0.9898
MK3,0.0003,350.0058,0.1223,8.1771,T02,Isla Cristina (2),0.9898
2SK5,0.0003,59.8387,0.2084,4.7974,T02,Isla Cristina (2),0.9898
MO3,0.0003,258.3575,0.1192,8.3863,T02,Isla Cristina (2),0.9898
SIG1,0.0003,217.1947,0.0359,27.8484,T02,Isla Cristina (2),0.9898
TAU1,0.0003,53.6721,0.039,25.6681,T02,Isla Cristina (2),0.9898
NU2,0.0002,159.4442,0.0792,12.626,T02,Isla Cristina (2),0.9898
2MN6,0.0002,217.2783,0.24,4.1663,T02,Isla Cristina (2),0.9898
MSN2,0.0002,93.4842,0.0848,11.7861,T02,Isla Cristina (2),0.9898
SN4,0.0002,337.6578,0.1623,6.1602,T02,Isla Cristina (2),0.9898
2SM6,0.0002,26.311,0.2472,4.0457,T02,Isla Cristina (2),0.9898
LDA2,0.0002,233.2445,0.0818,12.2218,T02,Isla Cristina (2),0.9898
NO1,0.0002,209.3435,0.0403,24.8332,T02,Isla Cristina (2),0.9898
J1,0.0002,183.869,0.0433,23.0985,T02,Isla Cristina (2),0.9898
RHO1,0.0002,179.0559,0.0374,26.7231,T02,Isla Cristina (2),0.9898
ETA2,0.0001,133.4353,0.0851,11.7545,T02,Isla Cristina (2),0.9898
ALP1,0.0001,125.3856,0.0344,29.0727,T02,Isla Cristina (2),0.9898
SK4,0.0001,42.7817,0.1669,5.9918,T02,Isla Cristina (2),0.9898
2MK6,0.0001,294.8143,0.2446,4.0886,T02,Isla Cristina (2),0.9898
SO3,0.0001,299.603,0.1221,8.1924,T02,Isla Cristina (2),0.9898
THE1,0.0001,88.4164,0.0431,23.207,T02,Isla Cristina (2),0.9898
BET1,0.0001,218.2624,0.04,24.9748,T02,Isla Cristina (2),0.9898
2MK5,0.0001,230.3918,0.2028,4.9309,T02,Isla Cristina (2),0.9898
CHI1,0.0001,218.4908,0.0405,24.7091,T02,Isla Cristina (2),0.9898
2N2,0.0001,126.166,0.0775,12.9054,T02,Isla Cristina (2),0.9898
UPS1,0.0001,166.1828,0.0463,21.5782,T02,Isla Cristina (2),0.9898
OQ2,0.0001,31.3953,0.076,13.1622,T02,Isla Cristina (2),0.9898
3MK7,0.0001,94.0579,0.2833,3.5296,T02,Isla Cristina (2),0.9898
M8,0.0001,180.1823,0.322,3.1052,T02,Isla Cristina (2),0.9898
M3,0.0001,308.0839,0.1208,8.2804,T02,Isla Cristina (2),0.9898
MSK6,0.0,339.4724,0.2474,4.0419,T02,Isla Cristina (2),0.9898
GAM2,0.0,269.4001,0.0803,12.4519,T02,Isla Cristina (2),0.9898
2Q1,0.0,111.9778,0.0357,28.0062,T02,Isla Cristina (2),0.9898
EPS2,0.0,252.3975,0.0762,13.1273,T02,Isla Cristina (2),0.9898
M2,1.0127,42.6758,0.0805,12.4206,T03,Punta Umbría (3),0.9901
S2,0.368,69.3204,0.0833,12.0,T03,Punta Umbría (3),0.9901
N2,0.216,26.0044,0.079,12.6583,T03,Punta Umbría (3),0.9901
K2,0.0987,63.1176,0.0836,11.9672,T03,Punta Umbría (3),0.9901
K1,0.0629,40.1931,0.0418,23.9345,T03,Punta Umbría (3),0.9901
O1,0.0588,299.1881,0.0387,25.8193,T03,Punta Umbría (3),0.9901
SA,0.0562,245.3572,0.0001,8766.2315,T03,Punta Umbría (3),0.9901
SSA,0.0317,56.5315,0.0002,4382.9063,T03,Punta Umbría (3),0.9901
P1,0.0195,35.2541,0.0416,24.0659,T03,Punta Umbría (3),0.9901
Q1,0.0174,246.9434,0.0372,26.8684,T03,Punta Umbría (3),0.9901
M4,0.0172,123.2124,0.161,6.2103,T03,Punta Umbría (3),0.9901
S1,0.0078,290.9072,0.0417,24.0,T03,Punta Umbría (3),0.9901
MF,0.0033,37.4418,0.0031,327.859,T03,Punta Umbría (3),0.9901
MM,0.0029,276.9426,0.0015,661.3092,T03,Punta Umbría (3),0.9901
MSF,0.0022,71.3141,0.0028,354.3671,T03,Punta Umbría (3),0.9901
S4,0.002,187.3032,0.1667,6.0,T03,Punta Umbría (3),0.9901
MS4,0.0014,48.2051,0.1638,6.1033,T03,Punta Umbría (3),0.9901
SK3,0.0014,343.1027,0.1251,7.9927,T03,Punta Umbría (3),0.9901
MN4,0.0012,331.5998,0.1595,6.2692,T03,Punta Umbría (3),0.9901
PSI1,0.0008,32.5578,0.0419,23.8693,T03,Punta Umbría (3),0.9901
T2,0.0008,96.3623,0.0832,12.0164,T03,Punta Umbría (3),0.9901
MU2,0.0007,277.0401,0.0777,12.8718,T03,Punta Umbría (3),0.9901
H2,0.0006,117.9153,0.0806,12.403,T03,Punta Umbría (3),0.9901
2MS6,0.0005,300.6061,0.2444,4.0924,T03,Punta Umbría (3),0.9901
PI1,0.0005,254.2864,0.0414,24.1321,T03,Punta Umbría (3),0.9901
L2,0.0005,197.2876,0.082,12.1916,T03,Punta Umbría (3),0.9901
MSM,0.0004,75.9457,0.0013,763.4866,T03,Punta Umbría (3),0.9901
R2,0.0004,276.5184,0.0834,11.9836,T03,Punta Umbría (3),0.9901
M6,0.0004,228.1232,0.2415,4.1402,T03,Punta Umbría (3),0.9901
MKS2,0.0004,22.2998,0.0807,12.3855,T03,Punta Umbría (3),0.9901
MK4,0.0003,54.8006,0.1641,6.0949,T03,Punta Umbría (3),0.9901
H1,0.0003,90.7928,0.0804,12.4382,T03,Punta Umbría (3),0.9901
PHI1,0.0003,348.159,0.042,23.8045,T03,Punta Umbría (3),0.9901
SO1,0.0003,170.548,0.0446,22.4202,T03,Punta Umbría (3),0.9901
2SK5,0.0003,58.229,0.2084,4.7974,T03,Punta Umbría (3),0.9901
OO1,0.0003,110.5425,0.0448,22.3061,T03,Punta Umbría (3),0.9901
MO3,0.0003,261.7493,0.1192,8.3863,T03,Punta Umbría (3),0.9901
MK3,0.0003,353.945,0.1223,8.1771,T03,Punta Umbría (3),0.9901
SIG1,0.0002,205.0494,0.0359,27.8484,T03,Punta Umbría (3),0.9901
NU2,0.0002,158.7616,0.0792,12.626,T03,Punta Umbría (3),0.9901
TAU1,0.0002,46.461,0.039,25.6681,T03,Punta Umbría (3),0.9901
2MN6,0.0002,218.2799,0.24,4.1663,T03,Punta Umbría (3),0.9901
MSN2,0.0002,94.2487,0.0848,11.7861,T03,Punta Umbría (3),0.9901
LDA2,0.0002,235.4696,0.0818,12.2218,T03,Punta Umbría (3),0.9901
2SM6,0.0002,25.6519,0.2472,4.0457,T03,Punta Umbría (3),0.9901
SN4,0.0002,338.329,0.1623,6.1602,T03,Punta Umbría (3),0.9901
ALP1,0.0001,122.1154,0.0344,29.0727,T03,Punta Umbría (3),0.9901
J1,0.0001,191.0892,0.0433,23.0985,T03,Punta Umbría (3),0.9901
NO1,0.0001,215.1244,0.0403,24.8332,T03,Punta Umbría (3),0.9901
RHO1,0.0001,187.978,0.0374,26.7231,T03,Punta Umbría (3),0.9901
ETA2,0.0001,135.9912,0.0851,11.7545,T03,Punta Umbría (3),0.9901
SK4,0.0001,43.944,0.1669,5.9918,T03,Punta Umbría (3),0.9901
2MK6,0.0001,296.1531,0.2446,4.0886,T03,Punta Umbría (3),0.9901
CHI1,0.0001,214.9447,0.0405,24.7091,T03,Punta Umbría (3),0.9901
THE1,0.0001,89.8952,0.0431,23.207,T03,Punta Umbría (3),0.9901
BET1,0.0001,230.7411,0.04,24.9748,T03,Punta Umbría (3),0.9901
2MK5,0.0001,231.8856,0.2028,4.9309,T03,Punta Umbría (3),0.9901
SO3,0.0001,300.2556,0.1221,8.1924,T03,Punta Umbría (3),0.9901
2N2,0.0001,124.5681,0.0775,12.9054,T03,Punta Umbría (3),0.9901
UPS1,0.0001,165.9133,0.0463,21.5782,T03,Punta Umbría (3),0.9901
3MK7,0.0001,94.3227,0.2833,3.5296,T03,Punta Umbría (3),0.9901
M8,0.0001,180.2841,0.322,3.1052,T03,Punta Umbría (3),0.9901
OQ2,0.0001,30.5851,0.076,13.1622,T03,Punta Umbría (3),0.9901
M3,0.0001,312.0344,0.1208,8.2804,T03,Punta Umbría (3),0.9901
MSK6,0.0,341.272,0.2474,4.0419,T03,Punta Umbría (3),0.9901
GAM2,0.0,270.654,0.0803,12.4519,T03,Punta Umbría (3),0.9901
2Q1,0.0,53.001,0.0357,28.0062,T03,Punta Umbría (3),0.9901
EPS2,0.0,226.322,0.0762,13.1273,T03,Punta Umbría (3),0.9901
M2,1.0169,42.5227,0.0805,12.4206,T04,Punta Umbría (4),0.9899
S2,0.3696,69.2366,0.0833,12.0,T04,Punta Umbría (4),0.9899
N2,0.217,25.8458,0.079,12.6583,T04,Punta Umbría (4),0.9899
K2,0.0991,63.0033,0.0836,11.9672,T04,Punta Umbría (4),0.9899
K1,0.0625,40.376,0.0418,23.9345,T04,Punta Umbría (4),0.9899
O1,0.0584,299.9357,0.0387,25.8193,T04,Punta Umbría (4),0.9899
SA,0.0566,244.5898,0.0001,8766.2315,T04,Punta Umbría (4),0.9899
SSA,0.0319,56.5101,0.0002,4382.9063,T04,Punta Umbría (4),0.9899
P1,0.0194,35.2188,0.0416,24.0659,T04,Punta Umbría (4),0.9899
Q1,0.0173,247.5993,0.0372,26.8684,T04,Punta Umbría (4),0.9899
M4,0.0173,123.6508,0.161,6.2103,T04,Punta Umbría (4),0.9899
S1,0.009,288.5719,0.0417,24.0,T04,Punta Umbría (4),0.9899
MF,0.0033,37.4595,0.0031,327.859,T04,Punta Umbría (4),0.9899
MM,0.003,276.8571,0.0015,661.3092,T04,Punta Umbría (4),0.9899
MSF,0.0022,76.6409,0.0028,354.3671,T04,Punta Umbría (4),0.9899
S4,0.002,187.9671,0.1667,6.0,T04,Punta Umbría (4),0.9899
MS4,0.0014,37.5306,0.1638,6.1033,T04,Punta Umbría (4),0.9899
SK3,0.0014,342.2464,0.1251,7.9927,T04,Punta Umbría (4),0.9899
MN4,0.0012,325.2204,0.1595,6.2692,T04,Punta Umbría (4),0.9899
PSI1,0.0011,30.2485,0.0419,23.8693,T04,Punta Umbría (4),0.9899
T2,0.0007,92.726,0.0832,12.0164,T04,Punta Umbría (4),0.9899
H2,0.0006,116.6396,0.0806,12.403,T04,Punta Umbría (4),0.9899
MU2,0.0006,276.3479,0.0777,12.8718,T04,Punta Umbría (4),0.9899
PI1,0.0006,256.6367,0.0414,24.1321,T04,Punta Umbría (4),0.9899
2MS6,0.0005,301.9195,0.2444,4.0924,T04,Punta Umbría (4),0.9899
L2,0.0005,198.4935,0.082,12.1916,T04,Punta Umbría (4),0.9899
MSM,0.0005,77.7289,0.0013,763.4866,T04,Punta Umbría (4),0.9899
M6,0.0004,230.6092,0.2415,4.1402,T04,Punta Umbría (4),0.9899
R2,0.0004,278.7227,0.0834,11.9836,T04,Punta Umbría (4),0.9899
MKS2,0.0004,19.9429,0.0807,12.3855,T04,Punta Umbría (4),0.9899
PHI1,0.0003,346.901,0.042,23.8045,T04,Punta Umbría (4),0.9899
MK4,0.0003,43.4439,0.1641,6.0949,T04,Punta Umbría (4),0.9899
MK3,0.0003,349.0769,0.1223,8.1771,T04,Punta Umbría (4),0.9899
MO3,0.0003,258.5742,0.1192,8.3863,T04,Punta Umbría (4),0.9899
2SK5,0.0003,58.3654,0.2084,4.7974,T04,Punta Umbría (4),0.9899
OO1,0.0003,106.9243,0.0448,22.3061,T04,Punta Umbría (4),0.9899
SO1,0.0003,165.9055,0.0446,22.4202,T04,Punta Umbría (4),0.9899
SIG1,0.0003,188.336,0.0359,27.8484,T04,Punta Umbría (4),0.9899
TAU1,0.0002,23.2362,0.039,25.6681,T04,Punta Umbría (4),0.9899
SN4,0.0002,327.7795,0.1623,6.1602,T04,Punta Umbría (4),0.9899
H1,0.0002,99.323,0.0804,12.4382,T04,Punta Umbría (4),0.9899
2MN6,0.0002,217.9042,0.24,4.1663,T04,Punta Umbría (4),0.9899
NU2,0.0002,159.6875,0.0792,12.626,T04,Punta Umbría (4),0.9899
MSN2,0.0002,97.8559,0.0848,11.7861,T04,Punta Umbría (4),0.9899
ALP1,0.0002,120.3904,0.0344,29.0727,T04,Punta Umbría (4),0.9899
2SM6,0.0002,27.9659,0.2472,4.0457,T04,Punta Umbría (4),0.9899
LDA2,0.0002,237.895,0.0818,12.2218,T04,Punta Umbría (4),0.9899
SK4,0.0001,32.68,0.1669,5.9918,T04,Punta Umbría (4),0.9899
J1,0.0001,197.331,0.0433,23.0985,T04,Punta Umbría (4),0.9899
ETA2,0.0001,135.0441,0.0851,11.7545,T04,Punta Umbría (4),0.9899
NO1,0.0001,216.5332,0.0403,24.8332,T04,Punta Umbría (4),0.9899
CHI1,0.0001,205.1906,0.0405,24.7091,T04,Punta Umbría (4),0.9899
2MK6,0.0001,296.9235,0.2446,4.0886,T04,Punta Umbría (4),0.9899
THE1,0.0001,93.4557,0.0431,23.207,T04,Punta Umbría (4),0.9899
SO3,0.0001,300.5853,0.1221,8.1924,T04,Punta Umbría (4),0.9899
RHO1,0.0001,192.4082,0.0374,26.7231,T04,Punta Umbría (4),0.9899
BET1,0.0001,226.9057,0.04,24.9748,T04,Punta Umbría (4),0.9899
2MK5,0.0001,233.0174,0.2028,4.9309,T04,Punta Umbría (4),0.9899
UPS1,0.0001,172.4545,0.0463,21.5782,T04,Punta Umbría (4),0.9899
2N2,0.0001,122.8361,0.0775,12.9054,T04,Punta Umbría (4),0.9899
M8,0.0001,183.1945,0.322,3.1052,T04,Punta Umbría (4),0.9899
3MK7,0.0001,94.3189,0.2833,3.5296,T04,Punta Umbría (4),0.9899
M3,0.0001,315.0168,0.1208,8.2804,T04,Punta Umbría (4),0.9899
OQ2,0.0001,33.7214,0.076,13.1622,T04,Punta Umbría (4),0.9899
MSK6,0.0,339.4356,0.2474,4.0419,T04,Punta Umbría (4),0.9899
GAM2,0.0,288.7658,0.0803,12.4519,T04,Punta Umbría (4),0.9899
2Q1,0.0,31.0143,0.0357,28.0062,T04,Punta Umbría (4),0.9899
EPS2,0.0,68.6882,0.0762,13.1273,T04,Punta Umbría (4),0.9899
M2,1.0178,42.3153,0.0805,12.4206,T05,Punta Umbría (5),0.9899
S2,0.37,69.0284,0.0833,12.0,T05,Punta Umbría (5),0.9899
N2,0.2172,25.6322,0.079,12.6583,T05,Punta Umbría (5),0.9899
K2,0.0991,62.8006,0.0836,11.9672,T05,Punta Umbría (5),0.9899
K1,0.0623,40.9047,0.0418,23.9345,T05,Punta Umbría (5),0.9899
O1,0.0586,300.8844,0.0387,25.8193,T05,Punta Umbría (5),0.9899
SA,0.0573,243.3758,0.0001,8766.2315,T05,Punta Umbría (5),0.9899
SSA,0.0319,56.6605,0.0002,4382.9063,T05,Punta Umbría (5),0.9899
P1,0.0192,35.6963,0.0416,24.0659,T05,Punta Umbría (5),0.9899
M4,0.0176,123.2794,0.161,6.2103,T05,Punta Umbría (5),0.9899
Q1,0.0174,248.3977,0.0372,26.8684,T05,Punta Umbría (5),0.9899
S1,0.0095,290.0909,0.0417,24.0,T05,Punta Umbría (5),0.9899
MF,0.0033,37.4508,0.0031,327.859,T05,Punta Umbría (5),0.9899
MM,0.0029,276.5706,0.0015,661.3092,T05,Punta Umbría (5),0.9899
MSF,0.0022,77.0076,0.0028,354.3671,T05,Punta Umbría (5),0.9899
S4,0.0021,187.3111,0.1667,6.0,T05,Punta Umbría (5),0.9899
MS4,0.0014,40.9752,0.1638,6.1033,T05,Punta Umbría (5),0.9899
SK3,0.0014,341.8907,0.1251,7.9927,T05,Punta Umbría (5),0.9899
MN4,0.0012,326.8088,0.1595,6.2692,T05,Punta Umbría (5),0.9899
PSI1,0.0012,21.883,0.0419,23.8693,T05,Punta Umbría (5),0.9899
T2,0.0007,92.4314,0.0832,12.0164,T05,Punta Umbría (5),0.9899
MU2,0.0007,276.4113,0.0777,12.8718,T05,Punta Umbría (5),0.9899
PI1,0.0006,255.8397,0.0414,24.1321,T05,Punta Umbría (5),0.9899
2MS6,0.0006,302.4967,0.2444,4.0924,T05,Punta Umbría (5),0.9899
H2,0.0005,114.8411,0.0806,12.403,T05,Punta Umbría (5),0.9899
MSM,0.0005,71.5867,0.0013,763.4866,T05,Punta Umbría (5),0.9899
L2,0.0005,198.0227,0.082,12.1916,T05,Punta Umbría (5),0.9899
M6,0.0004,232.5062,0.2415,4.1402,T05,Punta Umbría (5),0.9899
MKS2,0.0004,25.7765,0.0807,12.3855,T05,Punta Umbría (5),0.9899
MO3,0.0003,261.0962,0.1192,8.3863,T05,Punta Umbría (5),0.9899
PHI1,0.0003,343.0654,0.042,23.8045,T05,Punta Umbría (5),0.9899
MK3,0.0003,354.2497,0.1223,8.1771,T05,Punta Umbría (5),0.9899
MK4,0.0003,47.5757,0.1641,6.0949,T05,Punta Umbría (5),0.9899
R2,0.0003,275.5731,0.0834,11.9836,T05,Punta Umbría (5),0.9899
2SK5,0.0003,57.7531,0.2084,4.7974,T05,Punta Umbría (5),0.9899
SIG1,0.0003,169.5394,0.0359,27.8484,T05,Punta Umbría (5),0.9899
H1,0.0003,105.3665,0.0804,12.4382,T05,Punta Umbría (5),0.9899
OO1,0.0003,103.9437,0.0448,22.3061,T05,Punta Umbría (5),0.9899
TAU1,0.0003,1.449,0.039,25.6681,T05,Punta Umbría (5),0.9899
SO1,0.0002,160.0696,0.0446,22.4202,T05,Punta Umbría (5),0.9899
2MN6,0.0002,218.7422,0.24,4.1663,T05,Punta Umbría (5),0.9899
SN4,0.0002,329.3351,0.1623,6.1602,T05,Punta Umbría (5),0.9899
2SM6,0.0002,27.8397,0.2472,4.0457,T05,Punta Umbría (5),0.9899
ALP1,0.0002,116.6047,0.0344,29.0727,T05,Punta Umbría (5),0.9899
NU2,0.0002,157.9321,0.0792,12.626,T05,Punta Umbría (5),0.9899
MSN2,0.0002,98.9382,0.0848,11.7861,T05,Punta Umbría (5),0.9899
LDA2,0.0002,237.9095,0.0818,12.2218,T05,Punta Umbría (5),0.9899
SK4,0.0001,35.3009,0.1669,5.9918,T05,Punta Umbría (5),0.9899
ETA2,0.0001,137.6596,0.0851,11.7545,T05,Punta Umbría (5),0.9899
THE1,0.0001,96.9393,0.0431,23.207,T05,Punta Umbría (5),0.9899
2MK6,0.0001,297.2653,0.2446,4.0886,T05,Punta Umbría (5),0.9899
J1,0.0001,207.1973,0.0433,23.0985,T05,Punta Umbría (5),0.9899
CHI1,0.0001,200.9334,0.0405,24.7091,T05,Punta Umbría (5),0.9899
SO3,0.0001,300.0344,0.1221,8.1924,T05,Punta Umbría (5),0.9899
BET1,0.0001,236.3547,0.04,24.9748,T05,Punta Umbría (5),0.9899
2MK5,0.0001,234.8313,0.2028,4.9309,T05,Punta Umbría (5),0.9899
NO1,0.0001,234.4674,0.0403,24.8332,T05,Punta Umbría (5),0.9899
RHO1,0.0001,209.6914,0.0374,26.7231,T05,Punta Umbría (5),0.9899
M8,0.0001,183.8862,0.322,3.1052,T05,Punta Umbría (5),0.9899
3MK7,0.0001,91.1643,0.2833,3.5296,T05,Punta Umbría (5),0.9899
UPS1,0.0001,172.4575,0.0463,21.5782,T05,Punta Umbría (5),0.9899
2N2,0.0001,119.6816,0.0775,12.9054,T05,Punta Umbría (5),0.9899
M3,0.0001,318.0042,0.1208,8.2804,T05,Punta Umbría (5),0.9899
OQ2,0.0001,33.6704,0.076,13.1622,T05,Punta Umbría (5),0.9899
MSK6,0.0001,336.3735,0.2474,4.0419,T05,Punta Umbría (5),0.9899
2Q1,0.0,13.8527,0.0357,28.0062,T05,Punta Umbría (5),0.9899
GAM2,0.0,263.3119,0.0803,12.4519,T05,Punta Umbría (5),0.9899
EPS2,0.0,100.2055,0.0762,13.1273,T05,Punta Umbría (5),0.9899
M2,1.0189,42.115,0.0805,12.4206,T06,Mazagón (6),0.9901
S2,0.3704,68.8239,0.0833,12.0,T06,Mazagón (6),0.9901
N2,0.2174,25.4311,0.079,12.6583,T06,Mazagón (6),0.9901
K2,0.0993,62.5903,0.0836,11.9672,T06,Mazagón (6),0.9901
K1,0.0624,41.3973,0.0418,23.9345,T06,Mazagón (6),0.9901
O1,0.0594,301.5565,0.0387,25.8193,T06,Mazagón (6),0.9901
SA,0.0576,242.5101,0.0001,8766.2315,T06,Mazagón (6),0.9901
SSA,0.0316,56.8185,0.0002,4382.9063,T06,Mazagón (6),0.9901
P1,0.019,36.2351,0.0416,24.0659,T06,Mazagón (6),0.9901
M4,0.0178,123.0097,0.161,6.2103,T06,Mazagón (6),0.9901
Q1,0.0177,248.9269,0.0372,26.8684,T06,Mazagón (6),0.9901
S1,0.0096,292.5335,0.0417,24.0,T06,Mazagón (6),0.9901
MF,0.0033,36.6698,0.0031,327.859,T06,Mazagón (6),0.9901
MM,0.0029,276.7275,0.0015,661.3092,T06,Mazagón (6),0.9901
MSF,0.0022,74.9025,0.0028,354.3671,T06,Mazagón (6),0.9901
S4,0.0021,187.235,0.1667,6.0,T06,Mazagón (6),0.9901
MS4,0.0014,43.4124,0.1638,6.1033,T06,Mazagón (6),0.9901
SK3,0.0014,341.5328,0.1251,7.9927,T06,Mazagón (6),0.9901
MN4,0.0012,327.3997,0.1595,6.2692,T06,Mazagón (6),0.9901
PSI1,0.0012,13.9236,0.0419,23.8693,T06,Mazagón (6),0.9901
T2,0.0007,93.7839,0.0832,12.0164,T06,Mazagón (6),0.9901
PI1,0.0007,251.8222,0.0414,24.1321,T06,Mazagón (6),0.9901
MU2,0.0006,275.2458,0.0777,12.8718,T06,Mazagón (6),0.9901
2MS6,0.0006,304.9943,0.2444,4.0924,T06,Mazagón (6),0.9901
MSM,0.0006,60.0281,0.0013,763.4866,T06,Mazagón (6),0.9901
H2,0.0005,119.2002,0.0806,12.403,T06,Mazagón (6),0.9901
L2,0.0005,198.5585,0.082,12.1916,T06,Mazagón (6),0.9901
M6,0.0004,235.4369,0.2415,4.1402,T06,Mazagón (6),0.9901
MKS2,0.0004,29.1648,0.0807,12.3855,T06,Mazagón (6),0.9901
MO3,0.0004,262.8459,0.1192,8.3863,T06,Mazagón (6),0.9901
H1,0.0003,99.6525,0.0804,12.4382,T06,Mazagón (6),0.9901
MK3,0.0003,357.2961,0.1223,8.1771,T06,Mazagón (6),0.9901
MK4,0.0003,50.6328,0.1641,6.0949,T06,Mazagón (6),0.9901
SIG1,0.0003,150.0547,0.0359,27.8484,T06,Mazagón (6),0.9901
PHI1,0.0003,340.8235,0.042,23.8045,T06,Mazagón (6),0.9901
2SK5,0.0003,56.9938,0.2084,4.7974,T06,Mazagón (6),0.9901
R2,0.0003,278.745,0.0834,11.9836,T06,Mazagón (6),0.9901
TAU1,0.0002,339.8013,0.039,25.6681,T06,Mazagón (6),0.9901
2SM6,0.0002,26.5063,0.2472,4.0457,T06,Mazagón (6),0.9901
2MN6,0.0002,221.2579,0.24,4.1663,T06,Mazagón (6),0.9901
ALP1,0.0002,114.1644,0.0344,29.0727,T06,Mazagón (6),0.9901
OO1,0.0002,103.3204,0.0448,22.3061,T06,Mazagón (6),0.9901
NU2,0.0002,155.8513,0.0792,12.626,T06,Mazagón (6),0.9901
MSN2,0.0002,99.741,0.0848,11.7861,T06,Mazagón (6),0.9901
SN4,0.0002,329.6829,0.1623,6.1602,T06,Mazagón (6),0.9901
SO1,0.0002,158.7121,0.0446,22.4202,T06,Mazagón (6),0.9901
LDA2,0.0002,241.957,0.0818,12.2218,T06,Mazagón (6),0.9901
ETA2,0.0002,140.9705,0.0851,11.7545,T06,Mazagón (6),0.9901
THE1,0.0001,97.022,0.0431,23.207,T06,Mazagón (6),0.9901
2MK6,0.0001,300.4238,0.2446,4.0886,T06,Mazagón (6),0.9901
SK4,0.0001,37.4873,0.1669,5.9918,T06,Mazagón (6),0.9901
BET1,0.0001,247.2672,0.04,24.9748,T06,Mazagón (6),0.9901
J1,0.0001,219.2454,0.0433,23.0985,T06,Mazagón (6),0.9901
SO3,0.0001,300.4246,0.1221,8.1924,T06,Mazagón (6),0.9901
CHI1,0.0001,200.5186,0.0405,24.7091,T06,Mazagón (6),0.9901
M8,0.0001,183.1066,0.322,3.1052,T06,Mazagón (6),0.9901
2MK5,0.0001,237.8312,0.2028,4.9309,T06,Mazagón (6),0.9901
RHO1,0.0001,233.0452,0.0374,26.7231,T06,Mazagón (6),0.9901
3MK7,0.0001,89.8185,0.2833,3.5296,T06,Mazagón (6),0.9901
NO1,0.0001,265.044,0.0403,24.8332,T06,Mazagón (6),0.9901
UPS1,0.0001,173.2034,0.0463,21.5782,T06,Mazagón (6),0.9901
2N2,0.0001,115.7924,0.0775,12.9054,T06,Mazagón (6),0.9901
M3,0.0001,322.3555,0.1208,8.2804,T06,Mazagón (6),0.9901
2Q1,0.0001,3.0255,0.0357,28.0062,T06,Mazagón (6),0.9901
OQ2,0.0001,30.1113,0.076,13.1622,T06,Mazagón (6),0.9901
MSK6,0.0001,342.0258,0.2474,4.0419,T06,Mazagón (6),0.9901
EPS2,0.0,117.0645,0.0762,13.1273,T06,Mazagón (6),0.9901
GAM2,0.0,254.5057,0.0803,12.4519,T06,Mazagón (6),0.9901
M2,1.0215,42.0105,0.0805,12.4206,T07,Mazagón (7),0.9899
S2,0.3714,68.7477,0.0833,12.0,T07,Mazagón (7),0.9899
N2,0.218,25.3279,0.079,12.6583,T07,Mazagón (7),0.9899
K2,0.0995,62.5005,0.0836,11.9672,T07,Mazagón (7),0.9899
K1,0.0626,41.7143,0.0418,23.9345,T07,Mazagón (7),0.9899
O1,0.06,302.2418,0.0387,25.8193,T07,Mazagón (7),0.9899
SA,0.0579,242.1651,0.0001,8766.2315,T07,Mazagón (7),0.9899
SSA,0.0315,56.8581,0.0002,4382.9063,T07,Mazagón (7),0.9899
P1,0.019,36.4239,0.0416,24.0659,T07,Mazagón (7),0.9899
M4,0.0179,123.2162,0.161,6.2103,T07,Mazagón (7),0.9899
Q1,0.0179,249.5024,0.0372,26.8684,T07,Mazagón (7),0.9899
S1,0.0101,290.4513,0.0417,24.0,T07,Mazagón (7),0.9899
MF,0.0032,35.4213,0.0031,327.859,T07,Mazagón (7),0.9899
MM,0.003,275.8648,0.0015,661.3092,T07,Mazagón (7),0.9899
MSF,0.0022,78.77,0.0028,354.3671,T07,Mazagón (7),0.9899
S4,0.0021,187.9125,0.1667,6.0,T07,Mazagón (7),0.9899
MS4,0.0014,37.6106,0.1638,6.1033,T07,Mazagón (7),0.9899
SK3,0.0014,340.9322,0.1251,7.9927,T07,Mazagón (7),0.9899
PSI1,0.0013,7.998,0.0419,23.8693,T07,Mazagón (7),0.9899
MN4,0.0013,324.0981,0.1595,6.2692,T07,Mazagón (7),0.9899
T2,0.0007,95.223,0.0832,12.0164,T07,Mazagón (7),0.9899
PI1,0.0007,248.4228,0.0414,24.1321,T07,Mazagón (7),0.9899
2MS6,0.0006,308.2466,0.2444,4.0924,T07,Mazagón (7),0.9899
MU2,0.0006,272.297,0.0777,12.8718,T07,Mazagón (7),0.9899
MSM,0.0006,61.0023,0.0013,763.4866,T07,Mazagón (7),0.9899
H2,0.0005,122.3323,0.0806,12.403,T07,Mazagón (7),0.9899
L2,0.0005,199.8401,0.082,12.1916,T07,Mazagón (7),0.9899
M6,0.0004,239.7862,0.2415,4.1402,T07,Mazagón (7),0.9899
MO3,0.0004,264.3798,0.1192,8.3863,T07,Mazagón (7),0.9899
MKS2,0.0004,31.174,0.0807,12.3855,T07,Mazagón (7),0.9899
SIG1,0.0004,138.3753,0.0359,27.8484,T07,Mazagón (7),0.9899
MK3,0.0003,355.8796,0.1223,8.1771,T07,Mazagón (7),0.9899
2SK5,0.0003,56.8899,0.2084,4.7974,T07,Mazagón (7),0.9899
H1,0.0003,100.0281,0.0804,12.4382,T07,Mazagón (7),0.9899
MK4,0.0003,44.2353,0.1641,6.0949,T07,Mazagón (7),0.9899
PHI1,0.0003,338.6187,0.042,23.8045,T07,Mazagón (7),0.9899
TAU1,0.0003,322.9727,0.039,25.6681,T07,Mazagón (7),0.9899
2SM6,0.0003,27.7402,0.2472,4.0457,T07,Mazagón (7),0.9899
ALP1,0.0003,112.2733,0.0344,29.0727,T07,Mazagón (7),0.9899
SN4,0.0002,325.4459,0.1623,6.1602,T07,Mazagón (7),0.9899
2MN6,0.0002,224.2745,0.24,4.1663,T07,Mazagón (7),0.9899
NU2,0.0002,156.1809,0.0792,12.626,T07,Mazagón (7),0.9899
OO1,0.0002,103.5864,0.0448,22.3061,T07,Mazagón (7),0.9899
MSN2,0.0002,102.605,0.0848,11.7861,T07,Mazagón (7),0.9899
LDA2,0.0002,249.5952,0.0818,12.2218,T07,Mazagón (7),0.9899
R2,0.0002,286.2122,0.0834,11.9836,T07,Mazagón (7),0.9899
SO1,0.0002,160.1008,0.0446,22.4202,T07,Mazagón (7),0.9899
ETA2,0.0002,139.6825,0.0851,11.7545,T07,Mazagón (7),0.9899
THE1,0.0002,93.2237,0.0431,23.207,T07,Mazagón (7),0.9899
2MK6,0.0002,304.3069,0.2446,4.0886,T07,Mazagón (7),0.9899
SK4,0.0001,31.8922,0.1669,5.9918,T07,Mazagón (7),0.9899
BET1,0.0001,252.3871,0.04,24.9748,T07,Mazagón (7),0.9899
SO3,0.0001,297.6564,0.1221,8.1924,T07,Mazagón (7),0.9899
M8,0.0001,183.288,0.322,3.1052,T07,Mazagón (7),0.9899
J1,0.0001,225.8304,0.0433,23.0985,T07,Mazagón (7),0.9899
RHO1,0.0001,248.6099,0.0374,26.7231,T07,Mazagón (7),0.9899
NO1,0.0001,277.6798,0.0403,24.8332,T07,Mazagón (7),0.9899
CHI1,0.0001,194.3449,0.0405,24.7091,T07,Mazagón (7),0.9899
2MK5,0.0001,241.0293,0.2028,4.9309,T07,Mazagón (7),0.9899
3MK7,0.0001,89.5225,0.2833,3.5296,T07,Mazagón (7),0.9899
2Q1,0.0001,5.3702,0.0357,28.0062,T07,Mazagón (7),0.9899
UPS1,0.0001,172.9255,0.0463,21.5782,T07,Mazagón (7),0.9899
2N2,0.0001,113.8872,0.0775,12.9054,T07,Mazagón (7),0.9899
M3,0.0001,323.5267,0.1208,8.2804,T07,Mazagón (7),0.9899
MSK6,0.0001,348.7881,0.2474,4.0419,T07,Mazagón (7),0.9899
OQ2,0.0001,32.6598,0.076,13.1622,T07,Mazagón (7),0.9899
EPS2,0.0001,109.0007,0.0762,13.1273,T07,Mazagón (7),0.9899
GAM2,0.0,239.9143,0.0803,12.4519,T07,Mazagón (7),0.9899
M2,1.0255,41.8771,0.0805,12.4206,T08,Matalascañas (8),0.9899
S2,0.3732,68.6225,0.0833,12.0,T08,Matalascañas (8),0.9899
N2,0.2189,25.2044,0.079,12.6583,T08,Matalascañas (8),0.9899
K2,0.0999,62.3526,0.0836,11.9672,T08,Matalascañas (8),0.9899
K1,0.0632,41.9081,0.0418,23.9345,T08,Matalascañas (8),0.9899
O1,0.0611,302.5697,0.0387,25.8193,T08,Matalascañas (8),0.9899
SA,0.0581,241.5723,0.0001,8766.2315,T08,Matalascañas (8),0.9899
SSA,0.0313,56.7449,0.0002,4382.9063,T08,Matalascañas (8),0.9899
P1,0.0191,36.5964,0.0416,24.0659,T08,Matalascañas (8),0.9899
Q1,0.0182,249.7503,0.0372,26.8684,T08,Matalascañas (8),0.9899
M4,0.018,123.5713,0.161,6.2103,T08,Matalascañas (8),0.9899
S1,0.0103,288.7731,0.0417,24.0,T08,Matalascañas (8),0.9899
MF,0.0031,34.6322,0.0031,327.859,T08,Matalascañas (8),0.9899
MM,0.003,275.3298,0.0015,661.3092,T08,Matalascañas (8),0.9899
MSF,0.0022,79.9212,0.0028,354.3671,T08,Matalascañas (8),0.9899
S4,0.0021,188.7124,0.1667,6.0,T08,Matalascañas (8),0.9899
MS4,0.0014,25.3078,0.1638,6.1033,T08,Matalascañas (8),0.9899
SK3,0.0014,340.3033,0.1251,7.9927,T08,Matalascañas (8),0.9899
MN4,0.0014,317.7139,0.1595,6.2692,T08,Matalascañas (8),0.9899
PSI1,0.0012,359.0125,0.0419,23.8693,T08,Matalascañas (8),0.9899
T2,0.0007,96.3437,0.0832,12.0164,T08,Matalascañas (8),0.9899
PI1,0.0007,242.2985,0.0414,24.1321,T08,Matalascañas (8),0.9899
MSM,0.0007,52.99,0.0013,763.4866,T08,Matalascañas (8),0.9899
2MS6,0.0007,313.2829,0.2444,4.0924,T08,Matalascañas (8),0.9899
H2,0.0006,127.86,0.0806,12.403,T08,Matalascañas (8),0.9899
MU2,0.0005,270.3562,0.0777,12.8718,T08,Matalascañas (8),0.9899
L2,0.0004,203.9691,0.082,12.1916,T08,Matalascañas (8),0.9899
MO3,0.0004,262.8,0.1192,8.3863,T08,Matalascañas (8),0.9899
SIG1,0.0004,124.5948,0.0359,27.8484,T08,Matalascañas (8),0.9899
MK3,0.0004,353.7297,0.1223,8.1771,T08,Matalascañas (8),0.9899
M6,0.0004,248.6716,0.2415,4.1402,T08,Matalascañas (8),0.9899
MKS2,0.0003,32.2303,0.0807,12.3855,T08,Matalascañas (8),0.9899
2SK5,0.0003,56.0794,0.2084,4.7974,T08,Matalascañas (8),0.9899
MK4,0.0003,30.0848,0.1641,6.0949,T08,Matalascañas (8),0.9899
SN4,0.0003,318.2842,0.1623,6.1602,T08,Matalascañas (8),0.9899
2SM6,0.0003,31.0362,0.2472,4.0457,T08,Matalascañas (8),0.9899
PHI1,0.0003,337.1976,0.042,23.8045,T08,Matalascañas (8),0.9899
TAU1,0.0003,305.3762,0.039,25.6681,T08,Matalascañas (8),0.9899
ALP1,0.0003,109.9247,0.0344,29.0727,T08,Matalascañas (8),0.9899
H1,0.0003,94.4326,0.0804,12.4382,T08,Matalascañas (8),0.9899
2MN6,0.0002,230.1668,0.24,4.1663,T08,Matalascañas (8),0.9899
NU2,0.0002,156.5012,0.0792,12.626,T08,Matalascañas (8),0.9899
MSN2,0.0002,108.2988,0.0848,11.7861,T08,Matalascañas (8),0.9899
LDA2,0.0002,259.3954,0.0818,12.2218,T08,Matalascañas (8),0.9899
OO1,0.0002,105.439,0.0448,22.3061,T08,Matalascañas (8),0.9899
ETA2,0.0002,139.601,0.0851,11.7545,T08,Matalascañas (8),0.9899
THE1,0.0002,92.334,0.0431,23.207,T08,Matalascañas (8),0.9899
SO3,0.0002,298.3489,0.1221,8.1924,T08,Matalascañas (8),0.9899
2MK6,0.0002,310.2341,0.2446,4.0886,T08,Matalascañas (8),0.9899
SK4,0.0002,20.4702,0.1669,5.9918,T08,Matalascañas (8),0.9899
BET1,0.0002,259.9198,0.04,24.9748,T08,Matalascañas (8),0.9899
M8,0.0002,182.6218,0.322,3.1052,T08,Matalascañas (8),0.9899
NO1,0.0001,287.5875,0.0403,24.8332,T08,Matalascañas (8),0.9899
R2,0.0001,298.5996,0.0834,11.9836,T08,Matalascañas (8),0.9899
RHO1,0.0001,256.3783,0.0374,26.7231,T08,Matalascañas (8),0.9899
J1,0.0001,233.0814,0.0433,23.0985,T08,Matalascañas (8),0.9899
SO1,0.0001,169.1679,0.0446,22.4202,T08,Matalascañas (8),0.9899
3MK7,0.0001,88.5077,0.2833,3.5296,T08,Matalascañas (8),0.9899
2MK5,0.0001,246.2034,0.2028,4.9309,T08,Matalascañas (8),0.9899
2Q1,0.0001,0.1153,0.0357,28.0062,T08,Matalascañas (8),0.9899
CHI1,0.0001,184.9642,0.0405,24.7091,T08,Matalascañas (8),0.9899
EPS2,0.0001,101.6387,0.0762,13.1273,T08,Matalascañas (8),0.9899
UPS1,0.0001,175.4184,0.0463,21.5782,T08,Matalascañas (8),0.9899
2N2,0.0001,112.5209,0.0775,12.9054,T08,Matalascañas (8),0.9899
M3,0.0001,324.6692,0.1208,8.2804,T08,Matalascañas (8),0.9899
MSK6,0.0001,358.1311,0.2474,4.0419,T08,Matalascañas (8),0.9899
OQ2,0.0001,37.2863,0.076,13.1622,T08,Matalascañas (8),0.9899
GAM2,0.0,228.8003,0.0803,12.4519,T08,Matalascañas (8),0.9899
M2,1.0314,41.6293,0.0805,12.4206,T09,Matalascañas (9),0.9895
S2,0.3754,68.4142,0.0833,12.0,T09,Matalascañas (9),0.9895
N2,0.2201,24.976,0.079,12.6583,T09,Matalascañas (9),0.9895
K2,0.1005,62.1138,0.0836,11.9672,T09,Matalascañas (9),0.9895
K1,0.0643,42.1122,0.0418,23.9345,T09,Matalascañas (9),0.9895
O1,0.0628,303.0457,0.0387,25.8193,T09,Matalascañas (9),0.9895
SA,0.0582,240.5174,0.0001,8766.2315,T09,Matalascañas (9),0.9895
SSA,0.0312,56.5435,0.0002,4382.9063,T09,Matalascañas (9),0.9895
P1,0.0192,36.9034,0.0416,24.0659,T09,Matalascañas (9),0.9895
Q1,0.0186,250.0946,0.0372,26.8684,T09,Matalascañas (9),0.9895
M4,0.0178,124.2827,0.161,6.2103,T09,Matalascañas (9),0.9895
S1,0.0112,285.6646,0.0417,24.0,T09,Matalascañas (9),0.9895
MM,0.003,273.0688,0.0015,661.3092,T09,Matalascañas (9),0.9895
MF,0.0029,33.111,0.0031,327.859,T09,Matalascañas (9),0.9895
MSF,0.0023,82.1979,0.0028,354.3671,T09,Matalascañas (9),0.9895
S4,0.0021,190.3538,0.1667,6.0,T09,Matalascañas (9),0.9895
MS4,0.0017,4.7487,0.1638,6.1033,T09,Matalascañas (9),0.9895
MN4,0.0016,308.347,0.1595,6.2692,T09,Matalascañas (9),0.9895
SK3,0.0015,338.7808,0.1251,7.9927,T09,Matalascañas (9),0.9895
PSI1,0.0012,345.2557,0.0419,23.8693,T09,Matalascañas (9),0.9895
H2,0.0008,132.6547,0.0806,12.403,T09,Matalascañas (9),0.9895
PI1,0.0007,232.5198,0.0414,24.1321,T09,Matalascañas (9),0.9895
MSM,0.0007,49.4692,0.0013,763.4866,T09,Matalascañas (9),0.9895
2MS6,0.0007,320.5546,0.2444,4.0924,T09,Matalascañas (9),0.9895
T2,0.0007,95.1167,0.0832,12.0164,T09,Matalascañas (9),0.9895
SIG1,0.0005,111.4677,0.0359,27.8484,T09,Matalascañas (9),0.9895
MO3,0.0005,251.8241,0.1192,8.3863,T09,Matalascañas (9),0.9895
MK3,0.0005,346.1997,0.1223,8.1771,T09,Matalascañas (9),0.9895
SN4,0.0004,311.1914,0.1623,6.1602,T09,Matalascañas (9),0.9895
MU2,0.0004,264.6869,0.0777,12.8718,T09,Matalascañas (9),0.9895
L2,0.0004,210.1752,0.082,12.1916,T09,Matalascañas (9),0.9895
TAU1,0.0004,285.3868,0.039,25.6681,T09,Matalascañas (9),0.9895
M6,0.0004,265.4582,0.2415,4.1402,T09,Matalascañas (9),0.9895
MK4,0.0004,5.3917,0.1641,6.0949,T09,Matalascañas (9),0.9895
2SK5,0.0003,55.0499,0.2084,4.7974,T09,Matalascañas (9),0.9895
2SM6,0.0003,35.9908,0.2472,4.0457,T09,Matalascañas (9),0.9895
MKS2,0.0003,33.9686,0.0807,12.3855,T09,Matalascañas (9),0.9895
PHI1,0.0003,337.5113,0.042,23.8045,T09,Matalascañas (9),0.9895
ALP1,0.0003,107.7847,0.0344,29.0727,T09,Matalascañas (9),0.9895
LDA2,0.0002,275.1919,0.0818,12.2218,T09,Matalascañas (9),0.9895
MSN2,0.0002,121.154,0.0848,11.7861,T09,Matalascañas (9),0.9895
2MN6,0.0002,239.3557,0.24,4.1663,T09,Matalascañas (9),0.9895
H1,0.0002,85.0957,0.0804,12.4382,T09,Matalascañas (9),0.9895
NU2,0.0002,158.6942,0.0792,12.626,T09,Matalascañas (9),0.9895
SO3,0.0002,289.3105,0.1221,8.1924,T09,Matalascañas (9),0.9895
NO1,0.0002,298.7376,0.0403,24.8332,T09,Matalascañas (9),0.9895
SK4,0.0002,6.1573,0.1669,5.9918,T09,Matalascañas (9),0.9895
M8,0.0002,181.6338,0.322,3.1052,T09,Matalascañas (9),0.9895
ETA2,0.0002,141.9584,0.0851,11.7545,T09,Matalascañas (9),0.9895
RHO1,0.0002,264.5827,0.0374,26.7231,T09,Matalascañas (9),0.9895
THE1,0.0002,83.3755,0.0431,23.207,T09,Matalascañas (9),0.9895
2MK6,0.0002,318.5676,0.2446,4.0886,T09,Matalascañas (9),0.9895
BET1,0.0002,266.1822,0.04,24.9748,T09,Matalascañas (9),0.9895
EPS2,0.0002,93.1626,0.0762,13.1273,T09,Matalascañas (9),0.9895
OO1,0.0002,108.8707,0.0448,22.3061,T09,Matalascañas (9),0.9895
R2,0.0001,313.7874,0.0834,11.9836,T09,Matalascañas (9),0.9895
2Q1,0.0001,353.5514,0.0357,28.0062,T09,Matalascañas (9),0.9895
3MK7,0.0001,86.6828,0.2833,3.5296,T09,Matalascañas (9),0.9895
J1,0.0001,240.4579,0.0433,23.0985,T09,Matalascañas (9),0.9895
2MK5,0.0001,250.8187,0.2028,4.9309,T09,Matalascañas (9),0.9895
2N2,0.0001,105.0749,0.0775,12.9054,T09,Matalascañas (9),0.9895
UPS1,0.0001,174.0232,0.0463,21.5782,T09,Matalascañas (9),0.9895
CHI1,0.0001,165.2137,0.0405,24.7091,T09,Matalascañas (9),0.9895
MSK6,0.0001,10.4121,0.2474,4.0419,T09,Matalascañas (9),0.9895
SO1,0.0001,203.3666,0.0446,22.4202,T09,Matalascañas (9),0.9895
M3,0.0001,322.3359,0.1208,8.2804,T09,Matalascañas (9),0.9895
OQ2,0.0,38.4208,0.076,13.1622,T09,Matalascañas (9),0.9895
GAM2,0.0,164.7003,0.0803,12.4519,T09,Matalascañas (9),0.9895
M2,1.0329,41.4086,0.0805,12.4206,T10,Desembocadura Guadalquivir (10),0.9895
S2,0.3761,68.1957,0.0833,12.0,T10,Desembocadura Guadalquivir (10),0.9895
N2,0.2205,24.7706,0.079,12.6583,T10,Desembocadura Guadalquivir (10),0.9895
K2,0.1007,61.8912,0.0836,11.9672,T10,Desembocadura Guadalquivir (10),0.9895
K1,0.065,41.8841,0.0418,23.9345,T10,Desembocadura Guadalquivir (10),0.9895
O1,0.0638,302.7661,0.0387,25.8193,T10,Desembocadura Guadalquivir (10),0.9895
SA,0.058,240.0865,0.0001,8766.2315,T10,Desembocadura Guadalquivir (10),0.9895
SSA,0.0311,56.4889,0.0002,4382.9063,T10,Desembocadura Guadalquivir (10),0.9895
P1,0.0193,36.8502,0.0416,24.0659,T10,Desembocadura Guadalquivir (10),0.9895
Q1,0.0189,249.8644,0.0372,26.8684,T10,Desembocadura Guadalquivir (10),0.9895
M4,0.0177,124.3486,0.161,6.2103,T10,Desembocadura Guadalquivir (10),0.9895
S1,0.0112,284.3389,0.0417,24.0,T10,Desembocadura Guadalquivir (10),0.9895
MM,0.003,271.0607,0.0015,661.3092,T10,Desembocadura Guadalquivir (10),0.9895
MF,0.0028,33.1909,0.0031,327.859,T10,Desembocadura Guadalquivir (10),0.9895
MSF,0.0024,82.0828,0.0028,354.3671,T10,Desembocadura Guadalquivir (10),0.9895
S4,0.0021,191.2258,0.1667,6.0,T10,Desembocadura Guadalquivir (10),0.9895
MS4,0.0019,357.6745,0.1638,6.1033,T10,Desembocadura Guadalquivir (10),0.9895
MN4,0.0017,304.9802,0.1595,6.2692,T10,Desembocadura Guadalquivir (10),0.9895
SK3,0.0015,337.9812,0.1251,7.9927,T10,Desembocadura Guadalquivir (10),0.9895
PSI1,0.0011,336.6545,0.0419,23.8693,T10,Desembocadura Guadalquivir (10),0.9895
H2,0.0009,133.0707,0.0806,12.403,T10,Desembocadura Guadalquivir (10),0.9895
MSM,0.0008,49.4457,0.0013,763.4866,T10,Desembocadura Guadalquivir (10),0.9895
2MS6,0.0008,324.4922,0.2444,4.0924,T10,Desembocadura Guadalquivir (10),0.9895
PI1,0.0007,227.0325,0.0414,24.1321,T10,Desembocadura Guadalquivir (10),0.9895
T2,0.0007,93.1021,0.0832,12.0164,T10,Desembocadura Guadalquivir (10),0.9895
MO3,0.0005,247.1505,0.1192,8.3863,T10,Desembocadura Guadalquivir (10),0.9895
MK3,0.0005,345.2757,0.1223,8.1771,T10,Desembocadura Guadalquivir (10),0.9895
SIG1,0.0005,104.4697,0.0359,27.8484,T10,Desembocadura Guadalquivir (10),0.9895
SN4,0.0005,309.4607,0.1623,6.1602,T10,Desembocadura Guadalquivir (10),0.9895
TAU1,0.0004,275.5407,0.039,25.6681,T10,Desembocadura Guadalquivir (10),0.9895
MK4,0.0004,357.4944,0.1641,6.0949,T10,Desembocadura Guadalquivir (10),0.9895
L2,0.0004,214.4983,0.082,12.1916,T10,Desembocadura Guadalquivir (10),0.9895
2SM6,0.0004,36.7564,0.2472,4.0457,T10,Desembocadura Guadalquivir (10),0.9895
2SK5,0.0004,54.7946,0.2084,4.7974,T10,Desembocadura Guadalquivir (10),0.9895
M6,0.0004,276.1265,0.2415,4.1402,T10,Desembocadura Guadalquivir (10),0.9895
MKS2,0.0003,38.1591,0.0807,12.3855,T10,Desembocadura Guadalquivir (10),0.9895
ALP1,0.0003,103.1295,0.0344,29.0727,T10,Desembocadura Guadalquivir (10),0.9895
MU2,0.0003,263.6063,0.0777,12.8718,T10,Desembocadura Guadalquivir (10),0.9895
PHI1,0.0003,338.8925,0.042,23.8045,T10,Desembocadura Guadalquivir (10),0.9895
LDA2,0.0003,283.6076,0.0818,12.2218,T10,Desembocadura Guadalquivir (10),0.9895
MSN2,0.0003,127.6883,0.0848,11.7861,T10,Desembocadura Guadalquivir (10),0.9895
NO1,0.0002,299.6084,0.0403,24.8332,T10,Desembocadura Guadalquivir (10),0.9895
SO3,0.0002,286.9892,0.1221,8.1924,T10,Desembocadura Guadalquivir (10),0.9895
M8,0.0002,179.7206,0.322,3.1052,T10,Desembocadura Guadalquivir (10),0.9895
SK4,0.0002,3.2842,0.1669,5.9918,T10,Desembocadura Guadalquivir (10),0.9895
H1,0.0002,91.5226,0.0804,12.4382,T10,Desembocadura Guadalquivir (10),0.9895
2MN6,0.0002,246.1393,0.24,4.1663,T10,Desembocadura Guadalquivir (10),0.9895
ETA2,0.0002,142.0928,0.0851,11.7545,T10,Desembocadura Guadalquivir (10),0.9895
NU2,0.0002,160.2482,0.0792,12.626,T10,Desembocadura Guadalquivir (10),0.9895
EPS2,0.0002,89.9922,0.0762,13.1273,T10,Desembocadura Guadalquivir (10),0.9895
RHO1,0.0002,267.0259,0.0374,26.7231,T10,Desembocadura Guadalquivir (10),0.9895
THE1,0.0002,76.4875,0.0431,23.207,T10,Desembocadura Guadalquivir (10),0.9895
2MK6,0.0002,323.2172,0.2446,4.0886,T10,Desembocadura Guadalquivir (10),0.9895
BET1,0.0002,271.606,0.04,24.9748,T10,Desembocadura Guadalquivir (10),0.9895
2Q1,0.0001,352.4209,0.0357,28.0062,T10,Desembocadura Guadalquivir (10),0.9895
3MK7,0.0001,86.0344,0.2833,3.5296,T10,Desembocadura Guadalquivir (10),0.9895
2N2,0.0001,104.4151,0.0775,12.9054,T10,Desembocadura Guadalquivir (10),0.9895
R2,0.0001,319.6142,0.0834,11.9836,T10,Desembocadura Guadalquivir (10),0.9895
OO1,0.0001,111.9874,0.0448,22.3061,T10,Desembocadura Guadalquivir (10),0.9895
2MK5,0.0001,249.4313,0.2028,4.9309,T10,Desembocadura Guadalquivir (10),0.9895
J1,0.0001,239.0026,0.0433,23.0985,T10,Desembocadura Guadalquivir (10),0.9895
UPS1,0.0001,166.3905,0.0463,21.5782,T10,Desembocadura Guadalquivir (10),0.9895
MSK6,0.0001,18.3583,0.2474,4.0419,T10,Desembocadura Guadalquivir (10),0.9895
M3,0.0001,321.3429,0.1208,8.2804,T10,Desembocadura Guadalquivir (10),0.9895
SO1,0.0001,243.7903,0.0446,22.4202,T10,Desembocadura Guadalquivir (10),0.9895
CHI1,0.0001,172.7999,0.0405,24.7091,T10,Desembocadura Guadalquivir (10),0.9895
OQ2,0.0,37.8393,0.076,13.1622,T10,Desembocadura Guadalquivir (10),0.9895
GAM2,0.0,160.5244,0.0803,12.4519,T10,Desembocadura Guadalquivir (10),0.9895
M2,1.0326,41.1908,0.0805,12.4206,T11,Desembocadura Guadalquivir (11),0.9896
S2,0.3759,67.9869,0.0833,12.0,T11,Desembocadura Guadalquivir (11),0.9896
N2,0.2204,24.5782,0.079,12.6583,T11,Desembocadura Guadalquivir (11),0.9896
K2,0.1006,61.6937,0.0836,11.9672,T11,Desembocadura Guadalquivir (11),0.9896
K1,0.0657,41.6936,0.0418,23.9345,T11,Desembocadura Guadalquivir (11),0.9896
O1,0.0649,302.4186,0.0387,25.8193,T11,Desembocadura Guadalquivir (11),0.9896
SA,0.0574,239.9661,0.0001,8766.2315,T11,Desembocadura Guadalquivir (11),0.9896
SSA,0.0308,56.3261,0.0002,4382.9063,T11,Desembocadura Guadalquivir (11),0.9896
P1,0.0194,36.5293,0.0416,24.0659,T11,Desembocadura Guadalquivir (11),0.9896
Q1,0.0192,249.5944,0.0372,26.8684,T11,Desembocadura Guadalquivir (11),0.9896
M4,0.0174,124.0822,0.161,6.2103,T11,Desembocadura Guadalquivir (11),0.9896
S1,0.0111,283.489,0.0417,24.0,T11,Desembocadura Guadalquivir (11),0.9896
MM,0.0029,268.5337,0.0015,661.3092,T11,Desembocadura Guadalquivir (11),0.9896
MF,0.0028,33.3321,0.0031,327.859,T11,Desembocadura Guadalquivir (11),0.9896
MSF,0.0024,83.9165,0.0028,354.3671,T11,Desembocadura Guadalquivir (11),0.9896
S4,0.0021,191.5923,0.1667,6.0,T11,Desembocadura Guadalquivir (11),0.9896
MS4,0.002,354.5581,0.1638,6.1033,T11,Desembocadura Guadalquivir (11),0.9896
MN4,0.0018,303.4963,0.1595,6.2692,T11,Desembocadura Guadalquivir (11),0.9896
SK3,0.0015,337.3444,0.1251,7.9927,T11,Desembocadura Guadalquivir (11),0.9896
PSI1,0.0011,327.0838,0.0419,23.8693,T11,Desembocadura Guadalquivir (11),0.9896
H2,0.0009,131.3501,0.0806,12.403,T11,Desembocadura Guadalquivir (11),0.9896
MSM,0.0008,47.5591,0.0013,763.4866,T11,Desembocadura Guadalquivir (11),0.9896
2MS6,0.0008,328.0608,0.2444,4.0924,T11,Desembocadura Guadalquivir (11),0.9896
PI1,0.0007,224.6606,0.0414,24.1321,T11,Desembocadura Guadalquivir (11),0.9896
T2,0.0007,94.0598,0.0832,12.0164,T11,Desembocadura Guadalquivir (11),0.9896
SIG1,0.0006,98.2622,0.0359,27.8484,T11,Desembocadura Guadalquivir (11),0.9896
SN4,0.0005,311.5403,0.1623,6.1602,T11,Desembocadura Guadalquivir (11),0.9896
MK3,0.0005,341.9447,0.1223,8.1771,T11,Desembocadura Guadalquivir (11),0.9896
MO3,0.0005,238.6534,0.1192,8.3863,T11,Desembocadura Guadalquivir (11),0.9896
MK4,0.0004,353.3235,0.1641,6.0949,T11,Desembocadura Guadalquivir (11),0.9896
TAU1,0.0004,270.1523,0.039,25.6681,T11,Desembocadura Guadalquivir (11),0.9896
2SM6,0.0004,36.1466,0.2472,4.0457,T11,Desembocadura Guadalquivir (11),0.9896
M6,0.0004,286.7366,0.2415,4.1402,T11,Desembocadura Guadalquivir (11),0.9896
2SK5,0.0004,54.7832,0.2084,4.7974,T11,Desembocadura Guadalquivir (11),0.9896
L2,0.0004,227.6679,0.082,12.1916,T11,Desembocadura Guadalquivir (11),0.9896
ALP1,0.0003,95.2313,0.0344,29.0727,T11,Desembocadura Guadalquivir (11),0.9896
MKS2,0.0003,43.8629,0.0807,12.3855,T11,Desembocadura Guadalquivir (11),0.9896
LDA2,0.0003,292.8348,0.0818,12.2218,T11,Desembocadura Guadalquivir (11),0.9896
MSN2,0.0003,135.3323,0.0848,11.7861,T11,Desembocadura Guadalquivir (11),0.9896
EPS2,0.0003,83.7272,0.0762,13.1273,T11,Desembocadura Guadalquivir (11),0.9896
NO1,0.0003,296.0225,0.0403,24.8332,T11,Desembocadura Guadalquivir (11),0.9896
PHI1,0.0003,337.7782,0.042,23.8045,T11,Desembocadura Guadalquivir (11),0.9896
SO3,0.0003,282.4266,0.1221,8.1924,T11,Desembocadura Guadalquivir (11),0.9896
M8,0.0003,178.9319,0.322,3.1052,T11,Desembocadura Guadalquivir (11),0.9896
SK4,0.0003,3.8213,0.1669,5.9918,T11,Desembocadura Guadalquivir (11),0.9896
ETA2,0.0002,143.2987,0.0851,11.7545,T11,Desembocadura Guadalquivir (11),0.9896
RHO1,0.0002,264.7733,0.0374,26.7231,T11,Desembocadura Guadalquivir (11),0.9896
2MN6,0.0002,253.8775,0.24,4.1663,T11,Desembocadura Guadalquivir (11),0.9896
NU2,0.0002,163.0685,0.0792,12.626,T11,Desembocadura Guadalquivir (11),0.9896
2MK6,0.0002,328.246,0.2446,4.0886,T11,Desembocadura Guadalquivir (11),0.9896
THE1,0.0002,77.4755,0.0431,23.207,T11,Desembocadura Guadalquivir (11),0.9896
BET1,0.0002,275.7096,0.04,24.9748,T11,Desembocadura Guadalquivir (11),0.9896
H1,0.0002,71.5229,0.0804,12.4382,T11,Desembocadura Guadalquivir (11),0.9896
2Q1,0.0002,351.2602,0.0357,28.0062,T11,Desembocadura Guadalquivir (11),0.9896
MU2,0.0001,257.7115,0.0777,12.8718,T11,Desembocadura Guadalquivir (11),0.9896
2N2,0.0001,103.1175,0.0775,12.9054,T11,Desembocadura Guadalquivir (11),0.9896
3MK7,0.0001,86.8558,0.2833,3.5296,T11,Desembocadura Guadalquivir (11),0.9896
R2,0.0001,313.9464,0.0834,11.9836,T11,Desembocadura Guadalquivir (11),0.9896
SO1,0.0001,267.8641,0.0446,22.4202,T11,Desembocadura Guadalquivir (11),0.9896
OO1,0.0001,125.2624,0.0448,22.3061,T11,Desembocadura Guadalquivir (11),0.9896
MSK6,0.0001,24.322,0.2474,4.0419,T11,Desembocadura Guadalquivir (11),0.9896
2MK5,0.0001,249.4407,0.2028,4.9309,T11,Desembocadura Guadalquivir (11),0.9896
J1,0.0001,245.7878,0.0433,23.0985,T11,Desembocadura Guadalquivir (11),0.9896
UPS1,0.0001,158.4277,0.0463,21.5782,T11,Desembocadura Guadalquivir (11),0.9896
CHI1,0.0001,161.4888,0.0405,24.7091,T11,Desembocadura Guadalquivir (11),0.9896
M3,0.0001,317.6956,0.1208,8.2804,T11,Desembocadura Guadalquivir (11),0.9896
OQ2,0.0,15.0224,0.076,13.1622,T11,Desembocadura Guadalquivir (11),0.9896
GAM2,0.0,123.347,0.0803,12.4519,T11,Desembocadura Guadalquivir (11),0.9896
M2,1.018,40.7649,0.0805,12.4206,T12,Chipiona (12),0.9906
S2,0.3701,67.4024,0.0833,12.0,T12,Chipiona (12),0.9906
N2,0.2172,24.124,0.079,12.6583,T12,Chipiona (12),0.9906
K2,0.0992,61.1822,0.0836,11.9672,T12,Chipiona (12),0.9906
O1,0.0655,300.8545,0.0387,25.8193,T12,Chipiona (12),0.9906
K1,0.0655,40.9478,0.0418,23.9345,T12,Chipiona (12),0.9906
SA,0.0578,240.8426,0.0001,8766.2315,T12,Chipiona (12),0.9906
SSA,0.0302,57.3641,0.0002,4382.9063,T12,Chipiona (12),0.9906
Q1,0.0193,248.1924,0.0372,26.8684,T12,Chipiona (12),0.9906
P1,0.0192,35.7207,0.0416,24.0659,T12,Chipiona (12),0.9906
M4,0.0184,119.9582,0.161,6.2103,T12,Chipiona (12),0.9906
S1,0.0083,285.1868,0.0417,24.0,T12,Chipiona (12),0.9906
MM,0.0027,262.5947,0.0015,661.3092,T12,Chipiona (12),0.9906
MF,0.0027,35.8102,0.0031,327.859,T12,Chipiona (12),0.9906
S4,0.0022,185.2229,0.1667,6.0,T12,Chipiona (12),0.9906
MSF,0.0017,100.7812,0.0028,354.3671,T12,Chipiona (12),0.9906
MS4,0.0016,47.8667,0.1638,6.1033,T12,Chipiona (12),0.9906
SK3,0.0014,336.5651,0.1251,7.9927,T12,Chipiona (12),0.9906
MN4,0.0013,330.7699,0.1595,6.2692,T12,Chipiona (12),0.9906
PSI1,0.0008,310.5912,0.0419,23.8693,T12,Chipiona (12),0.9906
2MS6,0.0008,311.5326,0.2444,4.0924,T12,Chipiona (12),0.9906
T2,0.0008,102.5449,0.0832,12.0164,T12,Chipiona (12),0.9906
MSM,0.0008,45.655,0.0013,763.4866,T12,Chipiona (12),0.9906
PI1,0.0007,216.474,0.0414,24.1321,T12,Chipiona (12),0.9906
H2,0.0007,151.2608,0.0806,12.403,T12,Chipiona (12),0.9906
SIG1,0.0006,80.8258,0.0359,27.8484,T12,Chipiona (12),0.9906
M6,0.0005,253.3982,0.2415,4.1402,T12,Chipiona (12),0.9906
MU2,0.0004,276.3028,0.0777,12.8718,T12,Chipiona (12),0.9906
L2,0.0004,201.8592,0.082,12.1916,T12,Chipiona (12),0.9906
MK4,0.0004,55.4128,0.1641,6.0949,T12,Chipiona (12),0.9906
TAU1,0.0004,238.9063,0.039,25.6681,T12,Chipiona (12),0.9906
MKS2,0.0003,44.1758,0.0807,12.3855,T12,Chipiona (12),0.9906
2SK5,0.0003,52.1659,0.2084,4.7974,T12,Chipiona (12),0.9906
2SM6,0.0003,19.8033,0.2472,4.0457,T12,Chipiona (12),0.9906
MK3,0.0003,325.8877,0.1223,8.1771,T12,Chipiona (12),0.9906
2MN6,0.0003,240.4211,0.24,4.1663,T12,Chipiona (12),0.9906
MO3,0.0003,205.7293,0.1192,8.3863,T12,Chipiona (12),0.9906
MSN2,0.0003,114.1903,0.0848,11.7861,T12,Chipiona (12),0.9906
BET1,0.0002,266.4254,0.04,24.9748,T12,Chipiona (12),0.9906
ALP1,0.0002,77.8759,0.0344,29.0727,T12,Chipiona (12),0.9906
SN4,0.0002,342.7409,0.1623,6.1602,T12,Chipiona (12),0.9906
RHO1,0.0002,252.2948,0.0374,26.7231,T12,Chipiona (12),0.9906
NO1,0.0002,277.1322,0.0403,24.8332,T12,Chipiona (12),0.9906
ETA2,0.0002,149.5832,0.0851,11.7545,T12,Chipiona (12),0.9906
LDA2,0.0002,273.1033,0.0818,12.2218,T12,Chipiona (12),0.9906
NU2,0.0002,160.2264,0.0792,12.626,T12,Chipiona (12),0.9906
2MK6,0.0002,310.0804,0.2446,4.0886,T12,Chipiona (12),0.9906
PHI1,0.0002,317.2586,0.042,23.8045,T12,Chipiona (12),0.9906
J1,0.0002,237.8392,0.0433,23.0985,T12,Chipiona (12),0.9906
SO1,0.0002,224.1709,0.0446,22.4202,T12,Chipiona (12),0.9906
M8,0.0002,170.0462,0.322,3.1052,T12,Chipiona (12),0.9906
EPS2,0.0002,80.2162,0.0762,13.1273,T12,Chipiona (12),0.9906
THE1,0.0002,74.8885,0.0431,23.207,T12,Chipiona (12),0.9906
SK4,0.0001,50.3464,0.1669,5.9918,T12,Chipiona (12),0.9906
R2,0.0001,329.8986,0.0834,11.9836,T12,Chipiona (12),0.9906
2Q1,0.0001,349.2107,0.0357,28.0062,T12,Chipiona (12),0.9906
2MK5,0.0001,269.32,0.2028,4.9309,T12,Chipiona (12),0.9906
2N2,0.0001,102.3321,0.0775,12.9054,T12,Chipiona (12),0.9906
3MK7,0.0001,84.1897,0.2833,3.5296,T12,Chipiona (12),0.9906
OO1,0.0001,150.3642,0.0448,22.3061,T12,Chipiona (12),0.9906
SO3,0.0001,222.2048,0.1221,8.1924,T12,Chipiona (12),0.9906
MSK6,0.0001,359.1611,0.2474,4.0419,T12,Chipiona (12),0.9906
UPS1,0.0001,158.7961,0.0463,21.5782,T12,Chipiona (12),0.9906
H1,0.0001,56.4251,0.0804,12.4382,T12,Chipiona (12),0.9906
OQ2,0.0001,20.7384,0.076,13.1622,T12,Chipiona (12),0.9906
M3,0.0001,325.6161,0.1208,8.2804,T12,Chipiona (12),0.9906
CHI1,0.0,215.8322,0.0405,24.7091,T12,Chipiona (12),0.9906
GAM2,0.0,280.7567,0.0803,12.4519,T12,Chipiona (12),0.9906
M2,1.0034,40.5376,0.0805,12.4206,T13,Rota (13),0.991
S2,0.3639,67.1501,0.0833,12.0,T13,Rota (13),0.991
N2,0.2141,23.8659,0.079,12.6583,T13,Rota (13),0.991
K2,0.0976,60.9419,0.0836,11.9672,T13,Rota (13),0.991
O1,0.0666,298.4828,0.0387,25.8193,T13,Rota (13),0.991
K1,0.0655,38.9869,0.0418,23.9345,T13,Rota (13),0.991
SA,0.0584,241.5628,0.0001,8766.2315,T13,Rota (13),0.991
SSA,0.0297,58.1073,0.0002,4382.9063,T13,Rota (13),0.991
Q1,0.0195,246.2936,0.0372,26.8684,T13,Rota (13),0.991
P1,0.0191,34.7436,0.0416,24.0659,T13,Rota (13),0.991
M4,0.0178,119.6448,0.161,6.2103,T13,Rota (13),0.991
S1,0.0063,284.2775,0.0417,24.0,T13,Rota (13),0.991
MF,0.0028,34.8815,0.0031,327.859,T13,Rota (13),0.991
MM,0.0027,267.9415,0.0015,661.3092,T13,Rota (13),0.991
S4,0.0022,184.0558,0.1667,6.0,T13,Rota (13),0.991
MSF,0.0018,82.0182,0.0028,354.3671,T13,Rota (13),0.991
MS4,0.0015,57.7918,0.1638,6.1033,T13,Rota (13),0.991
SK3,0.0014,336.5043,0.1251,7.9927,T13,Rota (13),0.991
MN4,0.0011,336.6197,0.1595,6.2692,T13,Rota (13),0.991
MSM,0.0008,49.5774,0.0013,763.4866,T13,Rota (13),0.991
T2,0.0006,101.7378,0.0832,12.0164,T13,Rota (13),0.991
2MS6,0.0006,305.731,0.2444,4.0924,T13,Rota (13),0.991
MU2,0.0006,262.5488,0.0777,12.8718,T13,Rota (13),0.991
PI1,0.0006,207.7721,0.0414,24.1321,T13,Rota (13),0.991
PSI1,0.0006,291.084,0.0419,23.8693,T13,Rota (13),0.991
SIG1,0.0006,61.7492,0.0359,27.8484,T13,Rota (13),0.991
H1,0.0005,93.1951,0.0804,12.4382,T13,Rota (13),0.991
TAU1,0.0005,211.9568,0.039,25.6681,T13,Rota (13),0.991
MK3,0.0004,325.5213,0.1223,8.1771,T13,Rota (13),0.991
MK4,0.0004,66.3146,0.1641,6.0949,T13,Rota (13),0.991
MO3,0.0004,222.1257,0.1192,8.3863,T13,Rota (13),0.991
M6,0.0004,240.2462,0.2415,4.1402,T13,Rota (13),0.991
MKS2,0.0004,37.5626,0.0807,12.3855,T13,Rota (13),0.991
L2,0.0003,188.4484,0.082,12.1916,T13,Rota (13),0.991
H2,0.0003,176.5295,0.0806,12.403,T13,Rota (13),0.991
2SK5,0.0003,49.8838,0.2084,4.7974,T13,Rota (13),0.991
NO1,0.0003,265.3129,0.0403,24.8332,T13,Rota (13),0.991
BET1,0.0002,270.7038,0.04,24.9748,T13,Rota (13),0.991
2SM6,0.0002,18.4651,0.2472,4.0457,T13,Rota (13),0.991
2MN6,0.0002,230.5417,0.24,4.1663,T13,Rota (13),0.991
RHO1,0.0002,238.9718,0.0374,26.7231,T13,Rota (13),0.991
NU2,0.0002,154.9513,0.0792,12.626,T13,Rota (13),0.991
ETA2,0.0002,151.6848,0.0851,11.7545,T13,Rota (13),0.991
MSN2,0.0002,101.9597,0.0848,11.7861,T13,Rota (13),0.991
SO1,0.0002,231.7225,0.0446,22.4202,T13,Rota (13),0.991
ALP1,0.0002,56.5343,0.0344,29.0727,T13,Rota (13),0.991
PHI1,0.0002,303.1792,0.042,23.8045,T13,Rota (13),0.991
R2,0.0002,266.6983,0.0834,11.9836,T13,Rota (13),0.991
J1,0.0002,234.1368,0.0433,23.0985,T13,Rota (13),0.991
2MK6,0.0001,304.0093,0.2446,4.0886,T13,Rota (13),0.991
LDA2,0.0001,262.121,0.0818,12.2218,T13,Rota (13),0.991
THE1,0.0001,67.4261,0.0431,23.207,T13,Rota (13),0.991
SK4,0.0001,66.3115,0.1669,5.9918,T13,Rota (13),0.991
2Q1,0.0001,342.5771,0.0357,28.0062,T13,Rota (13),0.991
SN4,0.0001,353.3126,0.1623,6.1602,T13,Rota (13),0.991
SO3,0.0001,247.2087,0.1221,8.1924,T13,Rota (13),0.991
OO1,0.0001,157.8653,0.0448,22.3061,T13,Rota (13),0.991
2MK5,0.0001,259.7486,0.2028,4.9309,T13,Rota (13),0.991
2N2,0.0001,110.7816,0.0775,12.9054,T13,Rota (13),0.991
M8,0.0001,174.0031,0.322,3.1052,T13,Rota (13),0.991
UPS1,0.0001,146.4796,0.0463,21.5782,T13,Rota (13),0.991
EPS2,0.0001,137.5572,0.0762,13.1273,T13,Rota (13),0.991
3MK7,0.0001,78.1977,0.2833,3.5296,T13,Rota (13),0.991
OQ2,0.0001,10.1101,0.076,13.1622,T13,Rota (13),0.991
CHI1,0.0001,273.3007,0.0405,24.7091,T13,Rota (13),0.991
GAM2,0.0001,283.1533,0.0803,12.4519,T13,Rota (13),0.991
M3,0.0001,315.8302,0.1208,8.2804,T13,Rota (13),0.991
MSK6,0.0001,350.6068,0.2474,4.0419,T13,Rota (13),0.991
M2,1.0008,40.247,0.0805,12.4206,T14,Rota (14),0.9911
S2,0.3627,66.958,0.0833,12.0,T14,Rota (14),0.9911
N2,0.2135,23.5982,0.079,12.6583,T14,Rota (14),0.9911
K2,0.0973,60.7556,0.0836,11.9672,T14,Rota (14),0.9911
O1,0.0671,295.2346,0.0387,25.8193,T14,Rota (14),0.9911
K1,0.0649,36.1305,0.0418,23.9345,T14,Rota (14),0.9911
SA,0.058,241.8171,0.0001,8766.2315,T14,Rota (14),0.9911
SSA,0.0292,58.1792,0.0002,4382.9063,T14,Rota (14),0.9911
Q1,0.0195,243.7876,0.0372,26.8684,T14,Rota (14),0.9911
P1,0.0191,32.3571,0.0416,24.0659,T14,Rota (14),0.9911
M4,0.0175,120.3225,0.161,6.2103,T14,Rota (14),0.9911
S1,0.0053,277.3378,0.0417,24.0,T14,Rota (14),0.9911
MF,0.0028,31.2274,0.0031,327.859,T14,Rota (14),0.9911
MM,0.0026,271.6887,0.0015,661.3092,T14,Rota (14),0.9911
S4,0.0023,184.9629,0.1667,6.0,T14,Rota (14),0.9911
MSF,0.0021,81.0169,0.0028,354.3671,T14,Rota (14),0.9911
SK3,0.0015,334.3691,0.1251,7.9927,T14,Rota (14),0.9911
MS4,0.0014,46.7687,0.1638,6.1033,T14,Rota (14),0.9911
MN4,0.0012,328.1627,0.1595,6.2692,T14,Rota (14),0.9911
MSM,0.0007,49.3634,0.0013,763.4866,T14,Rota (14),0.9911
2MS6,0.0007,316.7643,0.2444,4.0924,T14,Rota (14),0.9911
SIG1,0.0007,40.0494,0.0359,27.8484,T14,Rota (14),0.9911
MO3,0.0006,219.2823,0.1192,8.3863,T14,Rota (14),0.9911
MK3,0.0006,316.1725,0.1223,8.1771,T14,Rota (14),0.9911
T2,0.0006,113.9134,0.0832,12.0164,T14,Rota (14),0.9911
TAU1,0.0006,175.846,0.039,25.6681,T14,Rota (14),0.9911
H2,0.0005,182.3924,0.0806,12.403,T14,Rota (14),0.9911
PI1,0.0005,190.9934,0.0414,24.1321,T14,Rota (14),0.9911
MU2,0.0005,251.1519,0.0777,12.8718,T14,Rota (14),0.9911
M6,0.0004,265.0584,0.2415,4.1402,T14,Rota (14),0.9911
MK4,0.0004,58.1191,0.1641,6.0949,T14,Rota (14),0.9911
MKS2,0.0003,36.7832,0.0807,12.3855,T14,Rota (14),0.9911
H1,0.0003,73.7177,0.0804,12.4382,T14,Rota (14),0.9911
2SK5,0.0003,48.726,0.2084,4.7974,T14,Rota (14),0.9911
NO1,0.0003,242.8113,0.0403,24.8332,T14,Rota (14),0.9911
BET1,0.0003,270.0386,0.04,24.9748,T14,Rota (14),0.9911
2SM6,0.0003,20.1254,0.2472,4.0457,T14,Rota (14),0.9911
SO3,0.0003,251.0943,0.1221,8.1924,T14,Rota (14),0.9911
2MN6,0.0003,250.5007,0.24,4.1663,T14,Rota (14),0.9911
RHO1,0.0002,224.0723,0.0374,26.7231,T14,Rota (14),0.9911
PSI1,0.0002,250.4968,0.0419,23.8693,T14,Rota (14),0.9911
SO1,0.0002,226.4702,0.0446,22.4202,T14,Rota (14),0.9911
ETA2,0.0002,149.3261,0.0851,11.7545,T14,Rota (14),0.9911
MSN2,0.0002,117.1523,0.0848,11.7861,T14,Rota (14),0.9911
L2,0.0002,201.9423,0.082,12.1916,T14,Rota (14),0.9911
LDA2,0.0002,287.5909,0.0818,12.2218,T14,Rota (14),0.9911
NU2,0.0002,156.0662,0.0792,12.626,T14,Rota (14),0.9911
SN4,0.0002,332.4538,0.1623,6.1602,T14,Rota (14),0.9911
2MK6,0.0002,318.1116,0.2446,4.0886,T14,Rota (14),0.9911
R2,0.0002,259.8546,0.0834,11.9836,T14,Rota (14),0.9911
ALP1,0.0002,33.0791,0.0344,29.0727,T14,Rota (14),0.9911
EPS2,0.0002,121.4279,0.0762,13.1273,T14,Rota (14),0.9911
PHI1,0.0002,292.1175,0.042,23.8045,T14,Rota (14),0.9911
2Q1,0.0002,340.2892,0.0357,28.0062,T14,Rota (14),0.9911
SK4,0.0002,57.2725,0.1669,5.9918,T14,Rota (14),0.9911
OO1,0.0001,158.5261,0.0448,22.3061,T14,Rota (14),0.9911
2N2,0.0001,111.1378,0.0775,12.9054,T14,Rota (14),0.9911
2MK5,0.0001,276.9714,0.2028,4.9309,T14,Rota (14),0.9911
CHI1,0.0001,285.6275,0.0405,24.7091,T14,Rota (14),0.9911
J1,0.0001,229.5382,0.0433,23.0985,T14,Rota (14),0.9911
THE1,0.0001,61.7572,0.0431,23.207,T14,Rota (14),0.9911
M8,0.0001,179.3343,0.322,3.1052,T14,Rota (14),0.9911
UPS1,0.0001,142.3005,0.0463,21.5782,T14,Rota (14),0.9911
GAM2,0.0001,283.3704,0.0803,12.4519,T14,Rota (14),0.9911
MSK6,0.0001,3.2823,0.2474,4.0419,T14,Rota (14),0.9911
OQ2,0.0001,13.7323,0.076,13.1622,T14,Rota (14),0.9911
3MK7,0.0001,73.88,0.2833,3.5296,T14,Rota (14),0.9911
M3,0.0001,310.1354,0.1208,8.2804,T14,Rota (14),0.9911
M2,0.9909,39.8686,0.0805,12.4206,T15,Cádiz (15),0.9912
S2,0.359,66.5783,0.0833,12.0,T15,Cádiz (15),0.9912
N2,0.2112,23.2449,0.079,12.6583,T15,Cádiz (15),0.9912
K2,0.0964,60.3635,0.0836,11.9672,T15,Cádiz (15),0.9912
O1,0.0661,292.7011,0.0387,25.8193,T15,Cádiz (15),0.9912
K1,0.0631,34.3881,0.0418,23.9345,T15,Cádiz (15),0.9912
SA,0.0576,242.3327,0.0001,8766.2315,T15,Cádiz (15),0.9912
SSA,0.0289,58.4485,0.0002,4382.9063,T15,Cádiz (15),0.9912
Q1,0.0193,241.8514,0.0372,26.8684,T15,Cádiz (15),0.9912
P1,0.0188,30.824,0.0416,24.0659,T15,Cádiz (15),0.9912
M4,0.0175,119.421,0.161,6.2103,T15,Cádiz (15),0.9912
S1,0.0043,276.6438,0.0417,24.0,T15,Cádiz (15),0.9912
MF,0.0027,32.3645,0.0031,327.859,T15,Cádiz (15),0.9912
MM,0.0026,270.7099,0.0015,661.3092,T15,Cádiz (15),0.9912
S4,0.0023,184.0559,0.1667,6.0,T15,Cádiz (15),0.9912
MSF,0.002,81.3679,0.0028,354.3671,T15,Cádiz (15),0.9912
SK3,0.0015,334.3148,0.1251,7.9927,T15,Cádiz (15),0.9912
MS4,0.0014,58.3505,0.1638,6.1033,T15,Cádiz (15),0.9912
MN4,0.0011,336.5319,0.1595,6.2692,T15,Cádiz (15),0.9912
2MS6,0.0008,317.3287,0.2444,4.0924,T15,Cádiz (15),0.9912
SIG1,0.0007,24.7187,0.0359,27.8484,T15,Cádiz (15),0.9912
MSM,0.0007,47.7866,0.0013,763.4866,T15,Cádiz (15),0.9912
TAU1,0.0007,153.0597,0.039,25.6681,T15,Cádiz (15),0.9912
H2,0.0006,195.3488,0.0806,12.403,T15,Cádiz (15),0.9912
MK3,0.0006,314.9853,0.1223,8.1771,T15,Cádiz (15),0.9912
MO3,0.0006,220.1341,0.1192,8.3863,T15,Cádiz (15),0.9912
T2,0.0006,119.9311,0.0832,12.0164,T15,Cádiz (15),0.9912
PI1,0.0005,182.5674,0.0414,24.1321,T15,Cádiz (15),0.9912
M6,0.0004,269.0366,0.2415,4.1402,T15,Cádiz (15),0.9912
MK4,0.0004,69.669,0.1641,6.0949,T15,Cádiz (15),0.9912
MU2,0.0004,231.8163,0.0777,12.8718,T15,Cádiz (15),0.9912
SO1,0.0003,224.5471,0.0446,22.4202,T15,Cádiz (15),0.9912
NO1,0.0003,220.0667,0.0403,24.8332,T15,Cádiz (15),0.9912
BET1,0.0003,268.8187,0.04,24.9748,T15,Cádiz (15),0.9912
2SM6,0.0003,15.5818,0.2472,4.0457,T15,Cádiz (15),0.9912
2MN6,0.0003,255.7647,0.24,4.1663,T15,Cádiz (15),0.9912
H1,0.0003,70.8125,0.0804,12.4382,T15,Cádiz (15),0.9912
2SK5,0.0003,47.5422,0.2084,4.7974,T15,Cádiz (15),0.9912
MKS2,0.0003,37.5799,0.0807,12.3855,T15,Cádiz (15),0.9912
RHO1,0.0003,212.5474,0.0374,26.7231,T15,Cádiz (15),0.9912
ETA2,0.0002,152.9871,0.0851,11.7545,T15,Cádiz (15),0.9912
SO3,0.0002,248.7952,0.1221,8.1924,T15,Cádiz (15),0.9912
MSN2,0.0002,127.4267,0.0848,11.7861,T15,Cádiz (15),0.9912
EPS2,0.0002,120.2936,0.0762,13.1273,T15,Cádiz (15),0.9912
PSI1,0.0002,188.2498,0.0419,23.8693,T15,Cádiz (15),0.9912
LDA2,0.0002,299.1403,0.0818,12.2218,T15,Cádiz (15),0.9912
CHI1,0.0002,283.4114,0.0405,24.7091,T15,Cádiz (15),0.9912
2MK6,0.0002,318.4117,0.2446,4.0886,T15,Cádiz (15),0.9912
J1,0.0002,244.6914,0.0433,23.0985,T15,Cádiz (15),0.9912
2MK5,0.0002,280.101,0.2028,4.9309,T15,Cádiz (15),0.9912
SK4,0.0002,73.3377,0.1669,5.9918,T15,Cádiz (15),0.9912
PHI1,0.0002,285.0284,0.042,23.8045,T15,Cádiz (15),0.9912
2N2,0.0002,115.2474,0.0775,12.9054,T15,Cádiz (15),0.9912
ALP1,0.0002,5.5906,0.0344,29.0727,T15,Cádiz (15),0.9912
R2,0.0002,233.3355,0.0834,11.9836,T15,Cádiz (15),0.9912
2Q1,0.0002,342.2591,0.0357,28.0062,T15,Cádiz (15),0.9912
NU2,0.0002,156.187,0.0792,12.626,T15,Cádiz (15),0.9912
OO1,0.0001,163.4212,0.0448,22.3061,T15,Cádiz (15),0.9912
SN4,0.0001,351.7473,0.1623,6.1602,T15,Cádiz (15),0.9912
L2,0.0001,216.0329,0.082,12.1916,T15,Cádiz (15),0.9912
GAM2,0.0001,280.5247,0.0803,12.4519,T15,Cádiz (15),0.9912
M8,0.0001,178.7847,0.322,3.1052,T15,Cádiz (15),0.9912
THE1,0.0001,48.5209,0.0431,23.207,T15,Cádiz (15),0.9912
OQ2,0.0001,11.2316,0.076,13.1622,T15,Cádiz (15),0.9912
UPS1,0.0001,138.1024,0.0463,21.5782,T15,Cádiz (15),0.9912
MSK6,0.0001,1.935,0.2474,4.0419,T15,Cádiz (15),0.9912
3MK7,0.0001,65.4293,0.2833,3.5296,T15,Cádiz (15),0.9912
M3,0.0001,310.5647,0.1208,8.2804,T15,Cádiz (15),0.9912
M2,0.9834,39.6325,0.0805,12.4206,T16,Sancti Petri (16),0.9912
S2,0.3561,66.4014,0.0833,12.0,T16,Sancti Petri (16),0.9912
N2,0.2096,23.0483,0.079,12.6583,T16,Sancti Petri (16),0.9912
K2,0.0958,60.1905,0.0836,11.9672,T16,Sancti Petri (16),0.9912
O1,0.0647,290.7409,0.0387,25.8193,T16,Sancti Petri (16),0.9912
K1,0.0612,33.0839,0.0418,23.9345,T16,Sancti Petri (16),0.9912
SA,0.0571,242.8349,0.0001,8766.2315,T16,Sancti Petri (16),0.9912
SSA,0.0287,58.6031,0.0002,4382.9063,T16,Sancti Petri (16),0.9912
Q1,0.019,240.4795,0.0372,26.8684,T16,Sancti Petri (16),0.9912
P1,0.0184,29.6387,0.0416,24.0659,T16,Sancti Petri (16),0.9912
M4,0.0174,119.468,0.161,6.2103,T16,Sancti Petri (16),0.9912
S1,0.0036,278.605,0.0417,24.0,T16,Sancti Petri (16),0.9912
MM,0.0026,271.614,0.0015,661.3092,T16,Sancti Petri (16),0.9912
MF,0.0026,35.1412,0.0031,327.859,T16,Sancti Petri (16),0.9912
S4,0.0023,183.9796,0.1667,6.0,T16,Sancti Petri (16),0.9912
MSF,0.002,81.2979,0.0028,354.3671,T16,Sancti Petri (16),0.9912
SK3,0.0016,333.4521,0.1251,7.9927,T16,Sancti Petri (16),0.9912
MS4,0.0014,59.5803,0.1638,6.1033,T16,Sancti Petri (16),0.9912
MN4,0.001,337.9829,0.1595,6.2692,T16,Sancti Petri (16),0.9912
2MS6,0.0009,322.4723,0.2444,4.0924,T16,Sancti Petri (16),0.9912
SIG1,0.0008,11.1049,0.0359,27.8484,T16,Sancti Petri (16),0.9912
MK3,0.0008,310.8483,0.1223,8.1771,T16,Sancti Petri (16),0.9912
MSM,0.0007,45.4452,0.0013,763.4866,T16,Sancti Petri (16),0.9912
TAU1,0.0007,136.7552,0.039,25.6681,T16,Sancti Petri (16),0.9912
H2,0.0007,197.0838,0.0806,12.403,T16,Sancti Petri (16),0.9912
MO3,0.0007,218.5681,0.1192,8.3863,T16,Sancti Petri (16),0.9912
T2,0.0006,122.1787,0.0832,12.0164,T16,Sancti Petri (16),0.9912
M6,0.0005,282.2987,0.2415,4.1402,T16,Sancti Petri (16),0.9912
MK4,0.0005,71.7799,0.1641,6.0949,T16,Sancti Petri (16),0.9912
PI1,0.0004,176.1556,0.0414,24.1321,T16,Sancti Petri (16),0.9912
SO1,0.0004,217.2527,0.0446,22.4202,T16,Sancti Petri (16),0.9912
2MN6,0.0004,266.5174,0.24,4.1663,T16,Sancti Petri (16),0.9912
NO1,0.0003,203.6301,0.0403,24.8332,T16,Sancti Petri (16),0.9912
2SM6,0.0003,14.1136,0.2472,4.0457,T16,Sancti Petri (16),0.9912
PSI1,0.0003,147.7826,0.0419,23.8693,T16,Sancti Petri (16),0.9912
MU2,0.0003,189.9143,0.0777,12.8718,T16,Sancti Petri (16),0.9912
BET1,0.0003,265.0793,0.04,24.9748,T16,Sancti Petri (16),0.9912
EPS2,0.0003,110.9638,0.0762,13.1273,T16,Sancti Petri (16),0.9912
LDA2,0.0003,306.2231,0.0818,12.2218,T16,Sancti Petri (16),0.9912
MSN2,0.0003,138.1975,0.0848,11.7861,T16,Sancti Petri (16),0.9912
RHO1,0.0003,202.9309,0.0374,26.7231,T16,Sancti Petri (16),0.9912
SO3,0.0003,246.1332,0.1221,8.1924,T16,Sancti Petri (16),0.9912
2SK5,0.0003,46.8885,0.2084,4.7974,T16,Sancti Petri (16),0.9912
ETA2,0.0003,154.3486,0.0851,11.7545,T16,Sancti Petri (16),0.9912
2MK5,0.0002,284.0002,0.2028,4.9309,T16,Sancti Petri (16),0.9912
MKS2,0.0002,46.3477,0.0807,12.3855,T16,Sancti Petri (16),0.9912
CHI1,0.0002,278.5132,0.0405,24.7091,T16,Sancti Petri (16),0.9912
H1,0.0002,73.086,0.0804,12.4382,T16,Sancti Petri (16),0.9912
2MK6,0.0002,324.0117,0.2446,4.0886,T16,Sancti Petri (16),0.9912
2N2,0.0002,113.0102,0.0775,12.9054,T16,Sancti Petri (16),0.9912
SK4,0.0002,76.2658,0.1669,5.9918,T16,Sancti Petri (16),0.9912
R2,0.0002,225.4353,0.0834,11.9836,T16,Sancti Petri (16),0.9912
ALP1,0.0002,343.6058,0.0344,29.0727,T16,Sancti Petri (16),0.9912
PHI1,0.0002,274.3919,0.042,23.8045,T16,Sancti Petri (16),0.9912
J1,0.0002,244.3098,0.0433,23.0985,T16,Sancti Petri (16),0.9912
2Q1,0.0002,337.7358,0.0357,28.0062,T16,Sancti Petri (16),0.9912
OO1,0.0001,159.1438,0.0448,22.3061,T16,Sancti Petri (16),0.9912
SN4,0.0001,355.7384,0.1623,6.1602,T16,Sancti Petri (16),0.9912
GAM2,0.0001,277.3538,0.0803,12.4519,T16,Sancti Petri (16),0.9912
L2,0.0001,281.5457,0.082,12.1916,T16,Sancti Petri (16),0.9912
NU2,0.0001,160.4847,0.0792,12.626,T16,Sancti Petri (16),0.9912
M8,0.0001,181.297,0.322,3.1052,T16,Sancti Petri (16),0.9912
MSK6,0.0001,4.5197,0.2474,4.0419,T16,Sancti Petri (16),0.9912
OQ2,0.0001,9.5956,0.076,13.1622,T16,Sancti Petri (16),0.9912
UPS1,0.0001,134.1556,0.0463,21.5782,T16,Sancti Petri (16),0.9912
THE1,0.0001,35.5714,0.0431,23.207,T16,Sancti Petri (16),0.9912
M3,0.0001,309.6495,0.1208,8.2804,T16,Sancti Petri (16),0.9912
3MK7,0.0001,55.9026,0.2833,3.5296,T16,Sancti Petri (16),0.9912
M2,0.9564,38.8573,0.0805,12.4206,T17,Sancti Petri (17),0.9908
S2,0.3468,65.8875,0.0833,12.0,T17,Sancti Petri (17),0.9908
N2,0.2039,22.4725,0.079,12.6583,T17,Sancti Petri (17),0.9908
K2,0.0936,59.7493,0.0836,11.9672,T17,Sancti Petri (17),0.9908
O1,0.0592,285.5846,0.0387,25.8193,T17,Sancti Petri (17),0.9908
SA,0.0556,243.5199,0.0001,8766.2315,T17,Sancti Petri (17),0.9908
K1,0.0547,30.1423,0.0418,23.9345,T17,Sancti Petri (17),0.9908
SSA,0.0282,59.3248,0.0002,4382.9063,T17,Sancti Petri (17),0.9908
M4,0.0177,116.7386,0.161,6.2103,T17,Sancti Petri (17),0.9908
Q1,0.0177,237.3752,0.0372,26.8684,T17,Sancti Petri (17),0.9908
P1,0.0168,26.9722,0.0416,24.0659,T17,Sancti Petri (17),0.9908
MM,0.0028,262.8602,0.0015,661.3092,T17,Sancti Petri (17),0.9908
MF,0.0026,41.269,0.0031,327.859,T17,Sancti Petri (17),0.9908
S1,0.0025,285.4134,0.0417,24.0,T17,Sancti Petri (17),0.9908
S4,0.0025,181.2078,0.1667,6.0,T17,Sancti Petri (17),0.9908
MS4,0.002,63.1422,0.1638,6.1033,T17,Sancti Petri (17),0.9908
SK3,0.002,333.1545,0.1251,7.9927,T17,Sancti Petri (17),0.9908
MK3,0.0017,321.1629,0.1223,8.1771,T17,Sancti Petri (17),0.9908
2MS6,0.0017,330.0746,0.2444,4.0924,T17,Sancti Petri (17),0.9908
MSF,0.0017,95.404,0.0028,354.3671,T17,Sancti Petri (17),0.9908
MO3,0.0015,238.0393,0.1192,8.3863,T17,Sancti Petri (17),0.9908
MN4,0.0014,351.0839,0.1595,6.2692,T17,Sancti Petri (17),0.9908
M6,0.0013,301.8451,0.2415,4.1402,T17,Sancti Petri (17),0.9908
MU2,0.0013,102.502,0.0777,12.8718,T17,Sancti Petri (17),0.9908
SIG1,0.0013,338.8272,0.0359,27.8484,T17,Sancti Petri (17),0.9908
TAU1,0.0009,101.6837,0.039,25.6681,T17,Sancti Petri (17),0.9908
H2,0.0009,191.0689,0.0806,12.403,T17,Sancti Petri (17),0.9908
2MN6,0.0008,280.2208,0.24,4.1663,T17,Sancti Petri (17),0.9908
PSI1,0.0008,119.7969,0.0419,23.8693,T17,Sancti Petri (17),0.9908
L2,0.0008,316.2054,0.082,12.1916,T17,Sancti Petri (17),0.9908
MK4,0.0007,72.5621,0.1641,6.0949,T17,Sancti Petri (17),0.9908
EPS2,0.0007,88.0516,0.0762,13.1273,T17,Sancti Petri (17),0.9908
LDA2,0.0007,310.9527,0.0818,12.2218,T17,Sancti Petri (17),0.9908
MSM,0.0007,32.4958,0.0013,763.4866,T17,Sancti Petri (17),0.9908
MSN2,0.0006,150.5678,0.0848,11.7861,T17,Sancti Petri (17),0.9908
SO3,0.0006,268.6124,0.1221,8.1924,T17,Sancti Petri (17),0.9908
2SM6,0.0005,6.1119,0.2472,4.0457,T17,Sancti Petri (17),0.9908
2MK5,0.0005,274.0574,0.2028,4.9309,T17,Sancti Petri (17),0.9908
T2,0.0005,121.1057,0.0832,12.0164,T17,Sancti Petri (17),0.9908
2MK6,0.0004,329.1127,0.2446,4.0886,T17,Sancti Petri (17),0.9908
ETA2,0.0004,154.5138,0.0851,11.7545,T17,Sancti Petri (17),0.9908
NO1,0.0004,178.6431,0.0403,24.8332,T17,Sancti Petri (17),0.9908
RHO1,0.0004,178.6465,0.0374,26.7231,T17,Sancti Petri (17),0.9908
BET1,0.0003,256.0798,0.04,24.9748,T17,Sancti Petri (17),0.9908
2N2,0.0003,106.3,0.0775,12.9054,T17,Sancti Petri (17),0.9908
CHI1,0.0003,264.9628,0.0405,24.7091,T17,Sancti Petri (17),0.9908
SK4,0.0003,78.6037,0.1669,5.9918,T17,Sancti Petri (17),0.9908
SO1,0.0003,202.3477,0.0446,22.4202,T17,Sancti Petri (17),0.9908
PI1,0.0003,152.3576,0.0414,24.1321,T17,Sancti Petri (17),0.9908
ALP1,0.0003,297.7689,0.0344,29.0727,T17,Sancti Petri (17),0.9908
SN4,0.0003,9.898,0.1623,6.1602,T17,Sancti Petri (17),0.9908
PHI1,0.0003,251.1396,0.042,23.8045,T17,Sancti Petri (17),0.9908
2SK5,0.0002,48.1642,0.2084,4.7974,T17,Sancti Petri (17),0.9908
MKS2,0.0002,80.3478,0.0807,12.3855,T17,Sancti Petri (17),0.9908
R2,0.0002,210.2052,0.0834,11.9836,T17,Sancti Petri (17),0.9908
M8,0.0002,177.3941,0.322,3.1052,T17,Sancti Petri (17),0.9908
MSK6,0.0002,357.2168,0.2474,4.0419,T17,Sancti Petri (17),0.9908
H1,0.0002,136.8285,0.0804,12.4382,T17,Sancti Petri (17),0.9908
2Q1,0.0002,321.2795,0.0357,28.0062,T17,Sancti Petri (17),0.9908
NU2,0.0001,260.2243,0.0792,12.626,T17,Sancti Petri (17),0.9908
GAM2,0.0001,260.8879,0.0803,12.4519,T17,Sancti Petri (17),0.9908
J1,0.0001,295.7462,0.0433,23.0985,T17,Sancti Petri (17),0.9908
OQ2,0.0001,358.5105,0.076,13.1622,T17,Sancti Petri (17),0.9908
UPS1,0.0001,116.0705,0.0463,21.5782,T17,Sancti Petri (17),0.9908
M3,0.0001,305.6059,0.1208,8.2804,T17,Sancti Petri (17),0.9908
OO1,0.0001,102.3979,0.0448,22.3061,T17,Sancti Petri (17),0.9908
THE1,0.0001,309.7014,0.0431,23.207,T17,Sancti Petri (17),0.9908
3MK7,0.0001,34.1957,0.2833,3.5296,T17,Sancti Petri (17),0.9908
M2,0.9164,37.8965,0.0805,12.4206,T18,Conil (18),0.9901
S2,0.3332,65.1073,0.0833,12.0,T18,Conil (18),0.9901
N2,0.1951,21.6625,0.079,12.6583,T18,Conil (18),0.9901
K2,0.0901,59.1873,0.0836,11.9672,T18,Conil (18),0.9901
SA,0.0542,244.256,0.0001,8766.2315,T18,Conil (18),0.9901
O1,0.0515,280.8324,0.0387,25.8193,T18,Conil (18),0.9901
K1,0.0469,28.6103,0.0418,23.9345,T18,Conil (18),0.9901
SSA,0.0278,59.7295,0.0002,4382.9063,T18,Conil (18),0.9901
M4,0.019,110.7556,0.161,6.2103,T18,Conil (18),0.9901
Q1,0.016,235.2543,0.0372,26.8684,T18,Conil (18),0.9901
P1,0.0146,25.4281,0.0416,24.0659,T18,Conil (18),0.9901
MS4,0.0035,75.8726,0.1638,6.1033,T18,Conil (18),0.9901
MM,0.0034,248.2281,0.0015,661.3092,T18,Conil (18),0.9901
MF,0.0029,51.7481,0.0031,327.859,T18,Conil (18),0.9901
S4,0.0029,175.4036,0.1667,6.0,T18,Conil (18),0.9901
MK3,0.0028,338.6155,0.1223,8.1771,T18,Conil (18),0.9901
MO3,0.0027,255.1284,0.1192,8.3863,T18,Conil (18),0.9901
SK3,0.0024,340.3509,0.1251,7.9927,T18,Conil (18),0.9901
MU2,0.0024,96.8138,0.0777,12.8718,T18,Conil (18),0.9901
MN4,0.0021,11.9271,0.1595,6.2692,T18,Conil (18),0.9901
2MS6,0.0021,322.847,0.2444,4.0924,T18,Conil (18),0.9901
M6,0.0018,293.4558,0.2415,4.1402,T18,Conil (18),0.9901
S1,0.0018,295.2524,0.0417,24.0,T18,Conil (18),0.9901
SIG1,0.0017,321.0272,0.0359,27.8484,T18,Conil (18),0.9901
MSF,0.0013,137.9845,0.0028,354.3671,T18,Conil (18),0.9901
L2,0.0013,318.6586,0.082,12.1916,T18,Conil (18),0.9901
2MN6,0.0011,272.7853,0.24,4.1663,T18,Conil (18),0.9901
MK4,0.0011,80.9017,0.1641,6.0949,T18,Conil (18),0.9901
EPS2,0.001,83.1878,0.0762,13.1273,T18,Conil (18),0.9901
SO3,0.001,294.3335,0.1221,8.1924,T18,Conil (18),0.9901
LDA2,0.001,312.1795,0.0818,12.2218,T18,Conil (18),0.9901
TAU1,0.001,78.5327,0.039,25.6681,T18,Conil (18),0.9901
MSN2,0.001,155.2019,0.0848,11.7861,T18,Conil (18),0.9901
PSI1,0.0009,107.4318,0.0419,23.8693,T18,Conil (18),0.9901
H2,0.0008,182.5688,0.0806,12.403,T18,Conil (18),0.9901
MSM,0.0007,26.7985,0.0013,763.4866,T18,Conil (18),0.9901
2SM6,0.0006,359.9316,0.2472,4.0457,T18,Conil (18),0.9901
T2,0.0005,117.3496,0.0832,12.0164,T18,Conil (18),0.9901
2MK6,0.0005,318.396,0.2446,4.0886,T18,Conil (18),0.9901
SN4,0.0005,39.8717,0.1623,6.1602,T18,Conil (18),0.9901
2MK5,0.0005,246.8304,0.2028,4.9309,T18,Conil (18),0.9901
ETA2,0.0005,158.0593,0.0851,11.7545,T18,Conil (18),0.9901
SK4,0.0005,88.211,0.1669,5.9918,T18,Conil (18),0.9901
H1,0.0004,171.4984,0.0804,12.4382,T18,Conil (18),0.9901
MKS2,0.0004,81.9725,0.0807,12.3855,T18,Conil (18),0.9901
2N2,0.0004,103.1713,0.0775,12.9054,T18,Conil (18),0.9901
ALP1,0.0004,278.1647,0.0344,29.0727,T18,Conil (18),0.9901
RHO1,0.0004,162.4041,0.0374,26.7231,T18,Conil (18),0.9901
BET1,0.0004,240.8367,0.04,24.9748,T18,Conil (18),0.9901
CHI1,0.0004,260.6369,0.0405,24.7091,T18,Conil (18),0.9901
PHI1,0.0003,243.1824,0.042,23.8045,T18,Conil (18),0.9901
J1,0.0003,9.0915,0.0433,23.0985,T18,Conil (18),0.9901
MSK6,0.0003,342.511,0.2474,4.0419,T18,Conil (18),0.9901
NU2,0.0003,278.4025,0.0792,12.626,T18,Conil (18),0.9901
2SK5,0.0003,51.9131,0.2084,4.7974,T18,Conil (18),0.9901
NO1,0.0003,165.1321,0.0403,24.8332,T18,Conil (18),0.9901
M8,0.0003,165.0821,0.322,3.1052,T18,Conil (18),0.9901
OO1,0.0002,53.7217,0.0448,22.3061,T18,Conil (18),0.9901
PI1,0.0002,134.6296,0.0414,24.1321,T18,Conil (18),0.9901
R2,0.0002,226.8649,0.0834,11.9836,T18,Conil (18),0.9901
2Q1,0.0002,307.1792,0.0357,28.0062,T18,Conil (18),0.9901
GAM2,0.0001,231.0586,0.0803,12.4519,T18,Conil (18),0.9901
UPS1,0.0001,111.6779,0.0463,21.5782,T18,Conil (18),0.9901
M3,0.0001,313.2002,0.1208,8.2804,T18,Conil (18),0.9901
3MK7,0.0001,51.2736,0.2833,3.5296,T18,Conil (18),0.9901
OQ2,0.0001,351.532,0.076,13.1622,T18,Conil (18),0.9901
SO1,0.0001,164.706,0.0446,22.4202,T18,Conil (18),0.9901
THE1,0.0001,292.4035,0.0431,23.207,T18,Conil (18),0.9901
M2,0.7269,35.413,0.0805,12.4206,T19,Conil (19),0.9853
S2,0.2668,62.1028,0.0833,12.0,T19,Conil (19),0.9853
N2,0.1528,18.7227,0.079,12.6583,T19,Conil (19),0.9853
K2,0.0719,56.5824,0.0836,11.9672,T19,Conil (19),0.9853
SA,0.0492,249.0002,0.0001,8766.2315,T19,Conil (19),0.9853
K1,0.0273,49.9738,0.0418,23.9345,T19,Conil (19),0.9853
SSA,0.0269,63.1556,0.0002,4382.9063,T19,Conil (19),0.9853
O1,0.0242,281.5843,0.0387,25.8193,T19,Conil (19),0.9853
M4,0.0205,98.3822,0.161,6.2103,T19,Conil (19),0.9853
Q1,0.0097,237.8212,0.0372,26.8684,T19,Conil (19),0.9853
P1,0.0078,46.0454,0.0416,24.0659,T19,Conil (19),0.9853
MS4,0.0067,83.0844,0.1638,6.1033,T19,Conil (19),0.9853
MM,0.0058,230.6124,0.0015,661.3092,T19,Conil (19),0.9853
S4,0.0043,169.2457,0.1667,6.0,T19,Conil (19),0.9853
MSF,0.0039,203.3576,0.0028,354.3671,T19,Conil (19),0.9853
MN4,0.0038,27.7567,0.1595,6.2692,T19,Conil (19),0.9853
MO3,0.0033,285.659,0.1192,8.3863,T19,Conil (19),0.9853
MK3,0.0032,11.8325,0.1223,8.1771,T19,Conil (19),0.9853
MF,0.0027,62.2052,0.0031,327.859,T19,Conil (19),0.9853
SK3,0.0021,357.166,0.1251,7.9927,T19,Conil (19),0.9853
MK4,0.0019,86.7436,0.1641,6.0949,T19,Conil (19),0.9853
SO3,0.0014,330.9915,0.1221,8.1924,T19,Conil (19),0.9853
M6,0.0013,90.342,0.2415,4.1402,T19,Conil (19),0.9853
MSM,0.0011,32.1412,0.0013,763.4866,T19,Conil (19),0.9853
MU2,0.0011,161.4766,0.0777,12.8718,T19,Conil (19),0.9853
2MS6,0.0011,101.292,0.2444,4.0924,T19,Conil (19),0.9853
SN4,0.0009,60.229,0.1623,6.1602,T19,Conil (19),0.9853
2MK5,0.0009,45.3664,0.2028,4.9309,T19,Conil (19),0.9853
SK4,0.0008,88.8986,0.1669,5.9918,T19,Conil (19),0.9853
SIG1,0.0008,312.4028,0.0359,27.8484,T19,Conil (19),0.9853
H2,0.0008,175.2235,0.0806,12.403,T19,Conil (19),0.9853
2MN6,0.0008,62.7506,0.24,4.1663,T19,Conil (19),0.9853
S1,0.0008,6.7824,0.0417,24.0,T19,Conil (19),0.9853
PSI1,0.0007,18.0388,0.0419,23.8693,T19,Conil (19),0.9853
J1,0.0007,36.4926,0.0433,23.0985,T19,Conil (19),0.9853
LDA2,0.0007,326.6563,0.0818,12.2218,T19,Conil (19),0.9853
H1,0.0006,152.5625,0.0804,12.4382,T19,Conil (19),0.9853
MSN2,0.0006,176.405,0.0848,11.7861,T19,Conil (19),0.9853
T2,0.0006,126.9179,0.0832,12.0164,T19,Conil (19),0.9853
EPS2,0.0006,110.261,0.0762,13.1273,T19,Conil (19),0.9853
SO1,0.0006,36.7525,0.0446,22.4202,T19,Conil (19),0.9853
MKS2,0.0005,57.0079,0.0807,12.3855,T19,Conil (19),0.9853
L2,0.0005,349.9849,0.082,12.1916,T19,Conil (19),0.9853
2SM6,0.0004,88.8066,0.2472,4.0457,T19,Conil (19),0.9853
ETA2,0.0004,163.0204,0.0851,11.7545,T19,Conil (19),0.9853
3MK7,0.0003,78.6243,0.2833,3.5296,T19,Conil (19),0.9853
2SK5,0.0003,37.2093,0.2084,4.7974,T19,Conil (19),0.9853
CHI1,0.0003,267.0206,0.0405,24.7091,T19,Conil (19),0.9853
ALP1,0.0002,261.582,0.0344,29.0727,T19,Conil (19),0.9853
BET1,0.0002,211.209,0.04,24.9748,T19,Conil (19),0.9853
M8,0.0002,139.3193,0.322,3.1052,T19,Conil (19),0.9853
2N2,0.0002,119.2613,0.0775,12.9054,T19,Conil (19),0.9853
2MK6,0.0002,109.1316,0.2446,4.0886,T19,Conil (19),0.9853
NO1,0.0002,302.0552,0.0403,24.8332,T19,Conil (19),0.9853
GAM2,0.0002,222.5303,0.0803,12.4519,T19,Conil (19),0.9853
RHO1,0.0002,173.1121,0.0374,26.7231,T19,Conil (19),0.9853
NU2,0.0002,78.8047,0.0792,12.626,T19,Conil (19),0.9853
OO1,0.0002,35.9758,0.0448,22.3061,T19,Conil (19),0.9853
MSK6,0.0002,115.7124,0.2474,4.0419,T19,Conil (19),0.9853
PHI1,0.0001,307.8499,0.042,23.8045,T19,Conil (19),0.9853
PI1,0.0001,224.4191,0.0414,24.1321,T19,Conil (19),0.9853
UPS1,0.0001,117.4114,0.0463,21.5782,T19,Conil (19),0.9853
R2,0.0001,242.2526,0.0834,11.9836,T19,Conil (19),0.9853
TAU1,0.0001,119.866,0.039,25.6681,T19,Conil (19),0.9853
M3,0.0001,310.4833,0.1208,8.2804,T19,Conil (19),0.9853
THE1,0.0001,60.6582,0.0431,23.207,T19,Conil (19),0.9853
2Q1,0.0,342.5651,0.0357,28.0062,T19,Conil (19),0.9853
OQ2,0.0,350.9692,0.076,13.1622,T19,Conil (19),0.9853
M2,0.7056,36.2927,0.0805,12.4206,T20,Barbate (20),0.9845
S2,0.2594,62.9232,0.0833,12.0,T20,Barbate (20),0.9845
N2,0.1485,19.6954,0.079,12.6583,T20,Barbate (20),0.9845
K2,0.0699,57.33,0.0836,11.9672,T20,Barbate (20),0.9845
SA,0.0494,248.5562,0.0001,8766.2315,T20,Barbate (20),0.9845
K1,0.0281,54.4537,0.0418,23.9345,T20,Barbate (20),0.9845
SSA,0.027,63.1461,0.0002,4382.9063,T20,Barbate (20),0.9845
O1,0.0233,286.7361,0.0387,25.8193,T20,Barbate (20),0.9845
M4,0.0196,104.2072,0.161,6.2103,T20,Barbate (20),0.9845
Q1,0.0096,239.7926,0.0372,26.8684,T20,Barbate (20),0.9845
P1,0.0082,49.8842,0.0416,24.0659,T20,Barbate (20),0.9845
MS4,0.0054,89.4244,0.1638,6.1033,T20,Barbate (20),0.9845
MM,0.0048,235.7641,0.0015,661.3092,T20,Barbate (20),0.9845
S4,0.0044,171.2792,0.1667,6.0,T20,Barbate (20),0.9845
MF,0.0029,56.9147,0.0031,327.859,T20,Barbate (20),0.9845
MN4,0.0029,33.0821,0.1595,6.2692,T20,Barbate (20),0.9845
MO3,0.0027,303.6014,0.1192,8.3863,T20,Barbate (20),0.9845
MK3,0.0025,28.4551,0.1223,8.1771,T20,Barbate (20),0.9845
MSF,0.0024,199.0894,0.0028,354.3671,T20,Barbate (20),0.9845
SK3,0.0017,356.4522,0.1251,7.9927,T20,Barbate (20),0.9845
MK4,0.0015,90.9436,0.1641,6.0949,T20,Barbate (20),0.9845
SO3,0.0011,352.1848,0.1221,8.1924,T20,Barbate (20),0.9845
MSM,0.0011,28.64,0.0013,763.4866,T20,Barbate (20),0.9845
M6,0.001,101.9495,0.2415,4.1402,T20,Barbate (20),0.9845
H2,0.001,170.9505,0.0806,12.403,T20,Barbate (20),0.9845
MU2,0.0009,143.0233,0.0777,12.8718,T20,Barbate (20),0.9845
S1,0.0008,333.3587,0.0417,24.0,T20,Barbate (20),0.9845
SK4,0.0008,87.6525,0.1669,5.9918,T20,Barbate (20),0.9845
2MS6,0.0008,112.9381,0.2444,4.0924,T20,Barbate (20),0.9845
SIG1,0.0008,305.1918,0.0359,27.8484,T20,Barbate (20),0.9845
2MK5,0.0007,49.284,0.2028,4.9309,T20,Barbate (20),0.9845
LDA2,0.0007,311.1581,0.0818,12.2218,T20,Barbate (20),0.9845
SN4,0.0007,73.1162,0.1623,6.1602,T20,Barbate (20),0.9845
MSN2,0.0007,160.6266,0.0848,11.7861,T20,Barbate (20),0.9845
PSI1,0.0007,17.5375,0.0419,23.8693,T20,Barbate (20),0.9845
J1,0.0006,27.0918,0.0433,23.0985,T20,Barbate (20),0.9845
T2,0.0006,127.9349,0.0832,12.0164,T20,Barbate (20),0.9845
2MN6,0.0006,72.7421,0.24,4.1663,T20,Barbate (20),0.9845
MKS2,0.0006,49.5025,0.0807,12.3855,T20,Barbate (20),0.9845
L2,0.0006,319.928,0.082,12.1916,T20,Barbate (20),0.9845
EPS2,0.0005,95.8902,0.0762,13.1273,T20,Barbate (20),0.9845
H1,0.0005,163.4779,0.0804,12.4382,T20,Barbate (20),0.9845
SO1,0.0005,33.9715,0.0446,22.4202,T20,Barbate (20),0.9845
ETA2,0.0004,152.5006,0.0851,11.7545,T20,Barbate (20),0.9845
2SM6,0.0003,93.4136,0.2472,4.0457,T20,Barbate (20),0.9845
2SK5,0.0003,37.0621,0.2084,4.7974,T20,Barbate (20),0.9845
3MK7,0.0003,86.8558,0.2833,3.5296,T20,Barbate (20),0.9845
CHI1,0.0003,265.5356,0.0405,24.7091,T20,Barbate (20),0.9845
ALP1,0.0003,254.0075,0.0344,29.0727,T20,Barbate (20),0.9845
BET1,0.0002,203.6276,0.04,24.9748,T20,Barbate (20),0.9845
M8,0.0002,142.6936,0.322,3.1052,T20,Barbate (20),0.9845
2N2,0.0002,102.4513,0.0775,12.9054,T20,Barbate (20),0.9845
PHI1,0.0002,315.232,0.042,23.8045,T20,Barbate (20),0.9845
NU2,0.0002,83.0824,0.0792,12.626,T20,Barbate (20),0.9845
NO1,0.0002,288.4625,0.0403,24.8332,T20,Barbate (20),0.9845
RHO1,0.0002,169.4858,0.0374,26.7231,T20,Barbate (20),0.9845
GAM2,0.0002,232.9589,0.0803,12.4519,T20,Barbate (20),0.9845
OO1,0.0002,32.4801,0.0448,22.3061,T20,Barbate (20),0.9845
PI1,0.0001,217.95,0.0414,24.1321,T20,Barbate (20),0.9845
2MK6,0.0001,123.1226,0.2446,4.0886,T20,Barbate (20),0.9845
TAU1,0.0001,82.0645,0.039,25.6681,T20,Barbate (20),0.9845
MSK6,0.0001,121.32,0.2474,4.0419,T20,Barbate (20),0.9845
UPS1,0.0001,115.9757,0.0463,21.5782,T20,Barbate (20),0.9845
R2,0.0001,292.7731,0.0834,11.9836,T20,Barbate (20),0.9845
THE1,0.0001,54.6288,0.0431,23.207,T20,Barbate (20),0.9845
M3,0.0001,319.1463,0.1208,8.2804,T20,Barbate (20),0.9845
2Q1,0.0,5.7561,0.0357,28.0062,T20,Barbate (20),0.9845
OQ2,0.0,6.2202,0.076,13.1622,T20,Barbate (20),0.9845
M2,0.6815,37.3003,0.0805,12.4206,T21,Zahara (21),0.9836
S2,0.2504,63.7448,0.0833,12.0,T21,Zahara (21),0.9836
N2,0.1435,20.8103,0.079,12.6583,T21,Zahara (21),0.9836
K2,0.0675,58.1478,0.0836,11.9672,T21,Zahara (21),0.9836
SA,0.0496,248.5848,0.0001,8766.2315,T21,Zahara (21),0.9836
K1,0.0293,56.0342,0.0418,23.9345,T21,Zahara (21),0.9836
SSA,0.0267,63.6821,0.0002,4382.9063,T21,Zahara (21),0.9836
O1,0.0236,290.4268,0.0387,25.8193,T21,Zahara (21),0.9836
M4,0.0189,92.3522,0.161,6.2103,T21,Zahara (21),0.9836
Q1,0.0099,242.1437,0.0372,26.8684,T21,Zahara (21),0.9836
P1,0.0082,51.4311,0.0416,24.0659,T21,Zahara (21),0.9836
MS4,0.0073,71.7133,0.1638,6.1033,T21,Zahara (21),0.9836
MM,0.0062,224.4914,0.0015,661.3092,T21,Zahara (21),0.9836
MSF,0.0051,206.5998,0.0028,354.3671,T21,Zahara (21),0.9836
S4,0.0044,164.7035,0.1667,6.0,T21,Zahara (21),0.9836
MN4,0.0042,15.108,0.1595,6.2692,T21,Zahara (21),0.9836
MO3,0.0029,285.6959,0.1192,8.3863,T21,Zahara (21),0.9836
MK3,0.0025,11.3996,0.1223,8.1771,T21,Zahara (21),0.9836
MF,0.0024,67.1301,0.0031,327.859,T21,Zahara (21),0.9836
MK4,0.002,71.0639,0.1641,6.0949,T21,Zahara (21),0.9836
SK3,0.0019,352.1306,0.1251,7.9927,T21,Zahara (21),0.9836
H2,0.0013,187.1493,0.0806,12.403,T21,Zahara (21),0.9836
SO3,0.0013,331.5117,0.1221,8.1924,T21,Zahara (21),0.9836
M6,0.0011,116.8219,0.2415,4.1402,T21,Zahara (21),0.9836
SN4,0.0011,44.9379,0.1623,6.1602,T21,Zahara (21),0.9836
S1,0.0011,335.8706,0.0417,24.0,T21,Zahara (21),0.9836
SK4,0.001,79.2242,0.1669,5.9918,T21,Zahara (21),0.9836
J1,0.0009,25.4299,0.0433,23.0985,T21,Zahara (21),0.9836
MSM,0.0009,29.6773,0.0013,763.4866,T21,Zahara (21),0.9836
SO1,0.0008,21.9625,0.0446,22.4202,T21,Zahara (21),0.9836
2MK5,0.0008,54.645,0.2028,4.9309,T21,Zahara (21),0.9836
2MS6,0.0008,136.3205,0.2444,4.0924,T21,Zahara (21),0.9836
PSI1,0.0008,24.929,0.0419,23.8693,T21,Zahara (21),0.9836
LDA2,0.0007,312.486,0.0818,12.2218,T21,Zahara (21),0.9836
SIG1,0.0007,292.7816,0.0359,27.8484,T21,Zahara (21),0.9836
L2,0.0007,332.9296,0.082,12.1916,T21,Zahara (21),0.9836
MU2,0.0006,130.4017,0.0777,12.8718,T21,Zahara (21),0.9836
2MN6,0.0006,90.2825,0.24,4.1663,T21,Zahara (21),0.9836
T2,0.0006,133.9077,0.0832,12.0164,T21,Zahara (21),0.9836
MSN2,0.0006,166.541,0.0848,11.7861,T21,Zahara (21),0.9836
EPS2,0.0005,87.539,0.0762,13.1273,T21,Zahara (21),0.9836
NO1,0.0004,304.2652,0.0403,24.8332,T21,Zahara (21),0.9836
MKS2,0.0004,7.565,0.0807,12.3855,T21,Zahara (21),0.9836
ETA2,0.0004,156.6706,0.0851,11.7545,T21,Zahara (21),0.9836
TAU1,0.0003,263.7153,0.039,25.6681,T21,Zahara (21),0.9836
2SK5,0.0003,39.2223,0.2084,4.7974,T21,Zahara (21),0.9836
OO1,0.0003,18.9779,0.0448,22.3061,T21,Zahara (21),0.9836
3MK7,0.0003,94.9198,0.2833,3.5296,T21,Zahara (21),0.9836
CHI1,0.0002,261.4456,0.0405,24.7091,T21,Zahara (21),0.9836
ALP1,0.0002,241.7267,0.0344,29.0727,T21,Zahara (21),0.9836
2SM6,0.0002,109.3305,0.2472,4.0457,T21,Zahara (21),0.9836
BET1,0.0002,197.654,0.04,24.9748,T21,Zahara (21),0.9836
2N2,0.0002,92.4802,0.0775,12.9054,T21,Zahara (21),0.9836
RHO1,0.0002,162.4257,0.0374,26.7231,T21,Zahara (21),0.9836
PHI1,0.0002,309.1789,0.042,23.8045,T21,Zahara (21),0.9836
NU2,0.0002,69.1679,0.0792,12.626,T21,Zahara (21),0.9836
2MK6,0.0002,159.173,0.2446,4.0886,T21,Zahara (21),0.9836
M8,0.0002,138.7245,0.322,3.1052,T21,Zahara (21),0.9836
PI1,0.0001,170.4155,0.0414,24.1321,T21,Zahara (21),0.9836
UPS1,0.0001,117.58,0.0463,21.5782,T21,Zahara (21),0.9836
H1,0.0001,314.8612,0.0804,12.4382,T21,Zahara (21),0.9836
MSK6,0.0001,152.7153,0.2474,4.0419,T21,Zahara (21),0.9836
THE1,0.0001,75.464,0.0431,23.207,T21,Zahara (21),0.9836
R2,0.0001,268.511,0.0834,11.9836,T21,Zahara (21),0.9836
GAM2,0.0001,184.5558,0.0803,12.4519,T21,Zahara (21),0.9836
M3,0.0001,319.6508,0.1208,8.2804,T21,Zahara (21),0.9836
OQ2,0.0,29.7458,0.076,13.1622,T21,Zahara (21),0.9836
2Q1,0.0,45.3056,0.0357,28.0062,T21,Zahara (21),0.9836
M2,0.5962,36.6397,0.0805,12.4206,T22,Zahara (22),0.9791
S2,0.2219,62.7227,0.0833,12.0,T22,Zahara (22),0.9791
N2,0.1254,20.4913,0.079,12.6583,T22,Zahara (22),0.9791
K2,0.0597,57.1211,0.0836,11.9672,T22,Zahara (22),0.9791
SA,0.0464,252.316,0.0001,8766.2315,T22,Zahara (22),0.9791
SSA,0.0273,66.6848,0.0002,4382.9063,T22,Zahara (22),0.9791
M4,0.0261,67.6071,0.161,6.2103,T22,Zahara (22),0.9791
K1,0.0261,66.3802,0.0418,23.9345,T22,Zahara (22),0.9791
O1,0.0174,294.9299,0.0387,25.8193,T22,Zahara (22),0.9791
MS4,0.0149,65.6493,0.1638,6.1033,T22,Zahara (22),0.9791
MSF,0.0133,204.2554,0.0028,354.3671,T22,Zahara (22),0.9791
MM,0.0105,207.7346,0.0015,661.3092,T22,Zahara (22),0.9791
MN4,0.0093,13.7702,0.1595,6.2692,T22,Zahara (22),0.9791
Q1,0.0087,244.8519,0.0372,26.8684,T22,Zahara (22),0.9791
MO3,0.0067,267.8453,0.1192,8.3863,T22,Zahara (22),0.9791
P1,0.0062,67.2598,0.0416,24.0659,T22,Zahara (22),0.9791
MK3,0.0056,351.8775,0.1223,8.1771,T22,Zahara (22),0.9791
S4,0.0053,152.861,0.1667,6.0,T22,Zahara (22),0.9791
MK4,0.0042,62.1437,0.1641,6.0949,T22,Zahara (22),0.9791
SO3,0.0033,317.9939,0.1221,8.1924,T22,Zahara (22),0.9791
H2,0.0031,140.4853,0.0806,12.403,T22,Zahara (22),0.9791
MF,0.0029,118.8021,0.0031,327.859,T22,Zahara (22),0.9791
SK3,0.0028,357.1725,0.1251,7.9927,T22,Zahara (22),0.9791
SN4,0.0026,44.2259,0.1623,6.1602,T22,Zahara (22),0.9791
SK4,0.0018,80.388,0.1669,5.9918,T22,Zahara (22),0.9791
H1,0.0018,242.79,0.0804,12.4382,T22,Zahara (22),0.9791
SO1,0.0018,352.6912,0.0446,22.4202,T22,Zahara (22),0.9791
MU2,0.0015,62.8204,0.0777,12.8718,T22,Zahara (22),0.9791
M6,0.0014,99.2988,0.2415,4.1402,T22,Zahara (22),0.9791
J1,0.0013,4.181,0.0433,23.0985,T22,Zahara (22),0.9791
T2,0.0012,109.4176,0.0832,12.0164,T22,Zahara (22),0.9791
MSM,0.0012,29.1299,0.0013,763.4866,T22,Zahara (22),0.9791
2MS6,0.0012,121.7873,0.2444,4.0924,T22,Zahara (22),0.9791
TAU1,0.0012,263.1774,0.039,25.6681,T22,Zahara (22),0.9791
LDA2,0.0011,296.7809,0.0818,12.2218,T22,Zahara (22),0.9791
PSI1,0.0011,6.9111,0.0419,23.8693,T22,Zahara (22),0.9791
2MK5,0.001,38.6126,0.2028,4.9309,T22,Zahara (22),0.9791
L2,0.001,300.0215,0.082,12.1916,T22,Zahara (22),0.9791
S1,0.0009,346.5048,0.0417,24.0,T22,Zahara (22),0.9791
NO1,0.0009,303.7957,0.0403,24.8332,T22,Zahara (22),0.9791
2MN6,0.0009,70.0219,0.24,4.1663,T22,Zahara (22),0.9791
MSN2,0.0009,147.2059,0.0848,11.7861,T22,Zahara (22),0.9791
R2,0.0009,353.1787,0.0834,11.9836,T22,Zahara (22),0.9791
EPS2,0.0009,53.4521,0.0762,13.1273,T22,Zahara (22),0.9791
SIG1,0.0007,270.8401,0.0359,27.8484,T22,Zahara (22),0.9791
MKS2,0.0005,333.4886,0.0807,12.3855,T22,Zahara (22),0.9791
M8,0.0004,100.8124,0.322,3.1052,T22,Zahara (22),0.9791
ETA2,0.0004,133.9383,0.0851,11.7545,T22,Zahara (22),0.9791
OO1,0.0004,343.1587,0.0448,22.3061,T22,Zahara (22),0.9791
2SK5,0.0004,35.7898,0.2084,4.7974,T22,Zahara (22),0.9791
2SM6,0.0003,120.9657,0.2472,4.0457,T22,Zahara (22),0.9791
3MK7,0.0003,57.9189,0.2833,3.5296,T22,Zahara (22),0.9791
PHI1,0.0003,275.4247,0.042,23.8045,T22,Zahara (22),0.9791
2MK6,0.0003,108.0392,0.2446,4.0886,T22,Zahara (22),0.9791
2N2,0.0003,69.4364,0.0775,12.9054,T22,Zahara (22),0.9791
MSK6,0.0003,138.0717,0.2474,4.0419,T22,Zahara (22),0.9791
ALP1,0.0002,237.5486,0.0344,29.0727,T22,Zahara (22),0.9791
GAM2,0.0002,154.311,0.0803,12.4519,T22,Zahara (22),0.9791
NU2,0.0002,82.8584,0.0792,12.626,T22,Zahara (22),0.9791
BET1,0.0002,200.817,0.04,24.9748,T22,Zahara (22),0.9791
CHI1,0.0002,232.7306,0.0405,24.7091,T22,Zahara (22),0.9791
THE1,0.0001,116.023,0.0431,23.207,T22,Zahara (22),0.9791
M3,0.0001,321.0526,0.1208,8.2804,T22,Zahara (22),0.9791
OQ2,0.0001,50.4019,0.076,13.1622,T22,Zahara (22),0.9791
PI1,0.0001,235.9363,0.0414,24.1321,T22,Zahara (22),0.9791
RHO1,0.0001,142.7497,0.0374,26.7231,T22,Zahara (22),0.9791
UPS1,0.0001,91.3086,0.0463,21.5782,T22,Zahara (22),0.9791
2Q1,0.0,31.4424,0.0357,28.0062,T22,Zahara (22),0.9791
M2,0.451,37.0057,0.0805,12.4206,T23,Tarifa (23),0.9653
S2,0.1723,62.2277,0.0833,12.0,T23,Tarifa (23),0.9653
N2,0.0946,20.5737,0.079,12.6583,T23,Tarifa (23),0.9653
SA,0.0462,253.8921,0.0001,8766.2315,T23,Tarifa (23),0.9653
K2,0.046,56.7365,0.0836,11.9672,T23,Tarifa (23),0.9653
SSA,0.027,65.4093,0.0002,4382.9063,T23,Tarifa (23),0.9653
M4,0.0269,67.5868,0.161,6.2103,T23,Tarifa (23),0.9653
K1,0.0222,85.0721,0.0418,23.9345,T23,Tarifa (23),0.9653
MSF,0.0169,206.4497,0.0028,354.3671,T23,Tarifa (23),0.9653
MS4,0.0149,72.4746,0.1638,6.1033,T23,Tarifa (23),0.9653
MM,0.0128,205.9673,0.0015,661.3092,T23,Tarifa (23),0.9653
MN4,0.0096,19.8564,0.1595,6.2692,T23,Tarifa (23),0.9653
O1,0.0082,289.7643,0.0387,25.8193,T23,Tarifa (23),0.9653
MO3,0.0073,289.9191,0.1192,8.3863,T23,Tarifa (23),0.9653
Q1,0.0067,237.0054,0.0372,26.8684,T23,Tarifa (23),0.9653
S4,0.0063,157.4666,0.1667,6.0,T23,Tarifa (23),0.9653
MK3,0.0055,18.0871,0.1223,8.1771,T23,Tarifa (23),0.9653
P1,0.0048,106.8826,0.0416,24.0659,T23,Tarifa (23),0.9653
MK4,0.0046,63.2652,0.1641,6.0949,T23,Tarifa (23),0.9653
SO3,0.004,343.6243,0.1221,8.1924,T23,Tarifa (23),0.9653
MF,0.0036,149.2623,0.0031,327.859,T23,Tarifa (23),0.9653
SK3,0.0026,20.4752,0.1251,7.9927,T23,Tarifa (23),0.9653
SO1,0.0026,338.9934,0.0446,22.4202,T23,Tarifa (23),0.9653
SN4,0.0025,53.9762,0.1623,6.1602,T23,Tarifa (23),0.9653
MU2,0.0022,6.7587,0.0777,12.8718,T23,Tarifa (23),0.9653
TAU1,0.0021,257.4765,0.039,25.6681,T23,Tarifa (23),0.9653
H2,0.002,60.6383,0.0806,12.403,T23,Tarifa (23),0.9653
H1,0.0019,114.1251,0.0804,12.4382,T23,Tarifa (23),0.9653
SK4,0.0019,77.0458,0.1669,5.9918,T23,Tarifa (23),0.9653
MSM,0.0018,26.7138,0.0013,763.4866,T23,Tarifa (23),0.9653
L2,0.0016,245.1255,0.082,12.1916,T23,Tarifa (23),0.9653
J1,0.0015,345.0365,0.0433,23.0985,T23,Tarifa (23),0.9653
PSI1,0.0015,321.5262,0.0419,23.8693,T23,Tarifa (23),0.9653
NO1,0.0014,297.8844,0.0403,24.8332,T23,Tarifa (23),0.9653
MSN2,0.001,89.9704,0.0848,11.7861,T23,Tarifa (23),0.9653
2MK5,0.001,58.1017,0.2028,4.9309,T23,Tarifa (23),0.9653
LDA2,0.0009,245.502,0.0818,12.2218,T23,Tarifa (23),0.9653
S1,0.0008,273.7514,0.0417,24.0,T23,Tarifa (23),0.9653
SIG1,0.0008,189.7528,0.0359,27.8484,T23,Tarifa (23),0.9653
EPS2,0.0007,352.61,0.0762,13.1273,T23,Tarifa (23),0.9653
MKS2,0.0006,321.3434,0.0807,12.3855,T23,Tarifa (23),0.9653
GAM2,0.0005,153.8081,0.0803,12.4519,T23,Tarifa (23),0.9653
R2,0.0005,266.1665,0.0834,11.9836,T23,Tarifa (23),0.9653
ALP1,0.0004,163.1684,0.0344,29.0727,T23,Tarifa (23),0.9653
PHI1,0.0004,285.1301,0.042,23.8045,T23,Tarifa (23),0.9653
2MS6,0.0004,3.6407,0.2444,4.0924,T23,Tarifa (23),0.9653
OO1,0.0004,312.3907,0.0448,22.3061,T23,Tarifa (23),0.9653
2SK5,0.0004,5.6476,0.2084,4.7974,T23,Tarifa (23),0.9653
2MN6,0.0003,323.473,0.24,4.1663,T23,Tarifa (23),0.9653
NU2,0.0003,211.213,0.0792,12.626,T23,Tarifa (23),0.9653
M6,0.0003,339.444,0.2415,4.1402,T23,Tarifa (23),0.9653
ETA2,0.0003,58.2641,0.0851,11.7545,T23,Tarifa (23),0.9653
T2,0.0002,147.1667,0.0832,12.0164,T23,Tarifa (23),0.9653
2MK6,0.0002,291.4005,0.2446,4.0886,T23,Tarifa (23),0.9653
2SM6,0.0002,36.0914,0.2472,4.0457,T23,Tarifa (23),0.9653
CHI1,0.0002,233.8088,0.0405,24.7091,T23,Tarifa (23),0.9653
2Q1,0.0002,113.6618,0.0357,28.0062,T23,Tarifa (23),0.9653
2N2,0.0002,1.4687,0.0775,12.9054,T23,Tarifa (23),0.9653
BET1,0.0002,22.5765,0.04,24.9748,T23,Tarifa (23),0.9653
PI1,0.0002,152.7984,0.0414,24.1321,T23,Tarifa (23),0.9653
M3,0.0001,338.0659,0.1208,8.2804,T23,Tarifa (23),0.9653
MSK6,0.0001,285.1874,0.2474,4.0419,T23,Tarifa (23),0.9653
OQ2,0.0001,82.1493,0.076,13.1622,T23,Tarifa (23),0.9653
RHO1,0.0001,222.8167,0.0374,26.7231,T23,Tarifa (23),0.9653
THE1,0.0001,221.0417,0.0431,23.207,T23,Tarifa (23),0.9653
3MK7,0.0001,201.1908,0.2833,3.5296,T23,Tarifa (23),0.9653
UPS1,0.0,270.3653,0.0463,21.5782,T23,Tarifa (23),0.9653
M8,0.0,243.506,0.322,3.1052,T23,Tarifa (23),0.9653
