tramo,rapidez_total,rapidez_residuo,pct_rapidez_por_marea_y_media
T01,0.21,0.163,0.224
T02,0.113,0.088,0.225
T03,0.125,0.102,0.183
T04,0.089,0.076,0.141
T05,0.103,0.09,0.129
T06,0.117,0.092,0.21
T07,0.103,0.083,0.196
T08,0.074,0.06,0.192
T09,0.08,0.063,0.211
T10,0.1,0.083,0.171
T11,0.105,0.088,0.166
T12,0.086,0.075,0.133
T13,0.085,0.074,0.132
T14,0.084,0.071,0.149
T15,0.103,0.088,0.149
T16,0.089,0.073,0.185
T17,0.075,0.061,0.183
T18,0.075,0.06,0.2
T19,0.097,0.065,0.334
T20,0.133,0.055,0.589
T21,0.175,0.085,0.513
T22,0.105,0.078,0.261
T23,0.095,0.072,0.243
T24,0.08,0.045,0.435
T25,0.101,0.035,0.655
T26,0.084,0.054,0.353
T27,0.094,0.055,0.416
T28,0.125,0.045,0.639
T29,0.144,0.034,0.765
T30,0.165,0.028,0.833
T31,0.203,0.026,0.87
T32,0.403,0.04,0.901
T33,0.193,0.047,0.757
T34,0.084,0.027,0.676
T35,0.131,0.043,0.673
T36,0.166,0.045,0.73
T37,0.56,0.104,0.815
T38,0.751,0.133,0.823
T39,0.329,0.084,0.745
T40,0.624,0.156,0.751
