escenario,pct_cambio_clase_vs_base,cumple_meta_<20%,spearman_medio_ieecc,pct_salto_alta_baja,pct_entra_o_sale_de_alta
Pesos de entropía,23.1,False,0.868,1.9,14.0
Peso de oleaje x2,33.1,False,0.831,1.7,19.1
"Peso de oleaje x0,5",18.3,True,0.94,0.0,9.1
Peso de nivel del mar x2,24.4,False,0.894,1.0,12.2
"Peso de nivel del mar x0,5",8.2,True,0.984,0.0,4.4
Peso de viento x2,31.3,False,0.798,2.7,19.5
"Peso de viento x0,5",25.8,False,0.871,1.2,14.3
Peso de corrientes x2,41.0,False,0.705,5.3,22.9
"Peso de corrientes x0,5",31.8,False,0.83,1.8,19.7
Peso de temporal en pleamar viva x2,11.4,True,0.951,0.4,7.2
"Peso de temporal en pleamar viva x0,5",8.3,True,0.976,0.1,4.4
Corte 25/50/25,17.4,True,1.0,0.0,8.7
