tramo,indicador,tau,p_valor,pendiente_sen_por_decada,significativa
T01,corriente_media,0.0667,0.6605,0.0008,False
T01,dias_temporal_pleamar,0.1776,0.229,0.3033,False
T01,hs_p95,-0.2933,0.0413,-0.0718,True
T01,nivel_p95,0.2333,0.1076,0.0166,False
T01,viento_p95,-0.24,0.0975,-0.2339,False
T02,corriente_media,0.1133,0.4449,0.0006,False
T02,dias_temporal_pleamar,0.121,0.4101,0.1786,False
T02,hs_p95,-0.2667,0.0646,-0.0755,False
T02,nivel_p95,0.2467,0.0883,0.0175,False
T02,viento_p95,-0.24,0.0975,-0.2391,False
T03,corriente_media,0.1,0.5022,0.0006,False
T03,dias_temporal_pleamar,0.1422,0.3341,0.3033,False
T03,hs_p95,-0.26,0.0718,-0.0816,False
T03,nivel_p95,0.2733,0.0579,0.0176,False
T03,viento_p95,-0.2467,0.0883,-0.254,False
T04,corriente_media,0.0,1.0,0.0,False
T04,dias_temporal_pleamar,0.094,0.5242,0.1518,False
T04,hs_p95,-0.2333,0.1076,-0.0788,False
T04,nivel_p95,0.2733,0.0579,0.0183,False
T04,viento_p95,-0.26,0.0718,-0.262,False
T05,corriente_media,0.06,0.6943,0.0006,False
T05,dias_temporal_pleamar,0.1256,0.3958,0.2639,False
T05,hs_p95,-0.22,0.1299,-0.071,False
T05,nivel_p95,0.2733,0.0579,0.0161,False
T05,viento_p95,-0.2733,0.0579,-0.2512,False
T06,corriente_media,0.1667,0.2554,0.002,False
T06,dias_temporal_pleamar,0.09,0.5406,0.1319,False
T06,hs_p95,-0.1733,0.2363,-0.0649,False
T06,nivel_p95,0.2867,0.0463,0.0169,True
T06,viento_p95,-0.2933,0.0413,-0.2279,True
T07,corriente_media,0.1733,0.2363,0.0017,False
T07,dias_temporal_pleamar,0.098,0.5084,0.0833,False
T07,hs_p95,-0.1733,0.2363,-0.0655,False
T07,nivel_p95,0.28,0.0519,0.0171,False
T07,viento_p95,-0.2933,0.0413,-0.2293,True
T08,corriente_media,0.14,0.3419,0.002,False
T08,dias_temporal_pleamar,0.1321,0.3707,0.2232,False
T08,hs_p95,-0.16,0.2755,-0.062,False
T08,nivel_p95,0.2867,0.0463,0.0188,True
T08,viento_p95,-0.3067,0.0325,-0.2396,True
T09,corriente_media,0.1067,0.473,0.0013,False
T09,dias_temporal_pleamar,0.0977,0.5088,0.122,False
T09,hs_p95,-0.16,0.2755,-0.0479,False
T09,nivel_p95,0.2733,0.0579,0.0188,False
T09,viento_p95,-0.3067,0.0325,-0.2389,True
T10,corriente_media,0.0467,0.7638,0.0009,False
T10,dias_temporal_pleamar,0.0765,0.6041,-0.0,False
T10,hs_p95,-0.1533,0.2966,-0.0413,False
T10,nivel_p95,0.3067,0.0325,0.0201,True
T10,viento_p95,-0.28,0.0519,-0.2174,False
T11,corriente_media,0.0,1.0,-0.0,False
T11,dias_temporal_pleamar,0.052,0.7239,-0.0,False
T11,hs_p95,-0.14,0.3419,-0.0478,False
T11,nivel_p95,0.3,0.0367,0.0212,True
T11,viento_p95,-0.24,0.0975,-0.2025,False
T12,corriente_media,0.0333,0.8353,0.0007,False
T12,dias_temporal_pleamar,0.0209,0.8873,-0.0,False
T12,hs_p95,-0.1333,0.3662,-0.0578,False
T12,nivel_p95,0.2933,0.0413,0.0195,True
T12,viento_p95,-0.2333,0.1076,-0.1919,False
T13,corriente_media,0.06,0.6943,0.0005,False
T13,dias_temporal_pleamar,0.0,1.0,-0.0,False
T13,hs_p95,-0.1733,0.2363,-0.0632,False
T13,nivel_p95,0.28,0.0519,0.0174,False
T13,viento_p95,-0.26,0.0718,-0.1921,False
T14,corriente_media,0.0867,0.5631,0.0004,False
T14,dias_temporal_pleamar,-0.0069,0.9625,-0.0,False
T14,hs_p95,-0.1467,0.3187,-0.0619,False
T14,nivel_p95,0.3067,0.0325,0.0185,True
T14,viento_p95,-0.2867,0.0463,-0.3001,True
T15,corriente_media,0.0,1.0,-0.0,False
T15,dias_temporal_pleamar,0.0069,0.9625,-0.0,False
T15,hs_p95,-0.1533,0.2966,-0.0587,False
T15,nivel_p95,0.34,0.0172,0.0194,True
T15,viento_p95,-0.24,0.0975,-0.2875,False
T16,corriente_media,-0.0333,0.8353,-0.0001,False
T16,dias_temporal_pleamar,-0.0034,0.9812,-0.0,False
T16,hs_p95,-0.1369,0.3382,-0.0629,False
T16,nivel_p95,0.3267,0.0223,0.0197,True
T16,viento_p95,-0.22,0.1299,-0.264,False
T17,corriente_media,0.1067,0.473,0.0002,False
T17,dias_temporal_pleamar,-0.0137,0.9252,-0.0,False
T17,hs_p95,-0.1267,0.3914,-0.0655,False
T17,nivel_p95,0.3267,0.0223,0.0208,True
T17,viento_p95,-0.12,0.4176,-0.1645,False
T18,corriente_media,0.1533,0.2966,0.0005,False
T18,dias_temporal_pleamar,-0.0348,0.8135,-0.0,False
T18,hs_p95,-0.1067,0.473,-0.0514,False
T18,nivel_p95,0.3333,0.0196,0.0212,True
T18,viento_p95,-0.0867,0.5631,-0.1098,False
T19,corriente_media,0.1067,0.473,0.0004,False
T19,dias_temporal_pleamar,0.055,0.7069,-0.0,False
T19,hs_p95,-0.1,0.5022,-0.0586,False
T19,nivel_p95,0.34,0.0172,0.0208,True
T19,viento_p95,-0.0533,0.7288,-0.0355,False
T20,corriente_media,0.2667,0.0646,0.0005,False
T20,dias_temporal_pleamar,0.189,0.2022,0.2579,False
T20,hs_p95,-0.0667,0.6605,-0.0183,False
T20,nivel_p95,0.3467,0.015,0.0208,True
T20,viento_p95,-0.02,0.908,-0.0168,False
T21,corriente_media,0.4333,0.002,0.0019,True
T21,dias_temporal_pleamar,-0.0069,0.9624,-0.0,False
T21,hs_p95,-0.0733,0.6273,-0.0464,False
T21,nivel_p95,0.3467,0.015,0.0213,True
T21,viento_p95,0.0067,0.9816,0.0009,False
T22,corriente_media,0.2867,0.0463,0.0022,True
T22,dias_temporal_pleamar,-0.0723,0.6216,-0.1168,False
T22,hs_p95,-0.1267,0.3914,-0.0904,False
T22,nivel_p95,0.3667,0.0099,0.0219,True
T22,viento_p95,0.0533,0.7288,0.0399,False
T23,corriente_media,0.2467,0.0883,0.0017,False
T23,dias_temporal_pleamar,-0.0104,0.9436,-0.0,False
T23,hs_p95,-0.12,0.4176,-0.0634,False
T23,nivel_p95,0.44,0.0017,0.0237,True
T23,viento_p95,-0.0133,0.9447,-0.0201,False
