modelo,metrica,valor,ic95_inf,ic95_sup,dif_vs_persistencia,dif_ic95_inf,dif_ic95_sup,diferencia_significativa
Random Forest,exactitud_balanceada,0.692,0.634,0.744,-0.075,-0.133,-0.008,True
Random Forest,sensibilidad_alta,0.808,0.718,0.891,-0.058,-0.135,0.019,False
Random Forest,ndcg@10,0.959,0.933,0.983,-0.019,-0.044,0.004,False
Random Forest,acierto_en_cambios,0.393,0.282,0.536,0.393,0.282,0.536,True
SVM,exactitud_balanceada,0.685,0.621,0.749,-0.082,-0.145,-0.005,True
SVM,sensibilidad_alta,0.782,0.66,0.878,-0.083,-0.173,-0.006,True
SVM,ndcg@10,0.952,0.922,0.977,-0.026,-0.059,-0.0,True
SVM,acierto_en_cambios,0.411,0.303,0.558,0.411,0.303,0.558,True
XGBoost,exactitud_balanceada,0.674,0.608,0.736,-0.093,-0.153,-0.025,True
XGBoost,sensibilidad_alta,0.744,0.615,0.859,-0.122,-0.218,-0.026,True
XGBoost,ndcg@10,0.964,0.939,0.986,-0.015,-0.036,0.006,False
XGBoost,acierto_en_cambios,0.402,0.308,0.514,0.402,0.308,0.514,True
LambdaMART,exactitud_balanceada,0.744,0.702,0.787,-0.023,-0.066,0.023,False
LambdaMART,sensibilidad_alta,0.859,0.814,0.897,-0.006,-0.039,0.032,False
LambdaMART,ndcg@10,0.967,0.945,0.986,-0.012,-0.031,0.008,False
LambdaMART,acierto_en_cambios,0.411,0.327,0.5,0.411,0.327,0.5,True
Persistencia,exactitud_balanceada,0.767,0.71,0.823,0.0,0.0,0.0,False
Persistencia,sensibilidad_alta,0.865,0.801,0.923,0.0,0.0,0.0,False
Persistencia,ndcg@10,0.979,0.969,0.987,0.0,0.0,0.0,False
Persistencia,acierto_en_cambios,0.0,0.0,0.0,0.0,0.0,0.0,False
