tramo,grupo,lat,lon,dist_km
T01,oleaje,37.16700744628906,-7.332975387573242,3.11
T01,viento,37.16569519042969,-7.332480430603027,3.26
T01,nivel,37.16569519042969,-7.332480430603027,3.26
T01,corriente,37.16569519042969,-7.332480430603027,3.26
T02,oleaje,37.16700744628906,-7.221860885620117,2.35
T02,viento,37.19347381591797,-7.221365928649902,1.53
T02,nivel,37.19347381591797,-7.221365928649902,1.53
T02,corriente,37.19347381591797,-7.221365928649902,1.53
T03,oleaje,37.16700744628906,-7.138525009155273,1.82
T03,viento,37.16569519042969,-7.138030052185059,1.9
T03,nivel,37.16569519042969,-7.138030052185059,1.9
T03,corriente,37.16569519042969,-7.138030052185059,1.9
T04,oleaje,37.16700744628906,-7.027410507202148,1.33
T04,viento,37.16569519042969,-7.026915550231934,1.37
T04,nivel,37.16569519042969,-7.026915550231934,1.37
T04,corriente,37.16569519042969,-7.026915550231934,1.37
T05,oleaje,37.13922882080078,-6.944074630737305,3.62
T05,viento,37.137916564941406,-6.915801048278809,1.92
T05,nivel,37.137916564941406,-6.915801048278809,1.92
T05,corriente,37.137916564941406,-6.915801048278809,1.92
T06,oleaje,37.1114501953125,-6.805181503295898,0.8
T06,viento,37.082359313964844,-6.804686546325684,4.03
T06,nivel,37.082359313964844,-6.804686546325684,4.03
T06,corriente,37.082359313964844,-6.804686546325684,4.03
T07,oleaje,37.05589294433594,-6.721845626831055,2.11
T07,viento,37.05458068847656,-6.72135066986084,2.22
T07,nivel,37.05458068847656,-6.72135066986084,2.22
T07,corriente,37.05458068847656,-6.72135066986084,2.22
T08,oleaje,37.028114318847656,-6.638509750366211,1.96
T08,viento,36.9990234375,-6.638014793395996,3.67
T08,nivel,36.9990234375,-6.638014793395996,3.67
T08,corriente,36.9990234375,-6.638014793395996,3.67
T09,oleaje,36.972557067871094,-6.555173873901367,1.75
T09,viento,36.94346618652344,-6.526900291442871,3.03
T09,nivel,36.94346618652344,-6.526900291442871,3.03
T09,corriente,36.94346618652344,-6.526900291442871,3.03
T10,oleaje,36.88922119140625,-6.471837997436523,0.74
T10,viento,36.887908935546875,-6.471343040466309,0.89
T10,nivel,36.887908935546875,-6.471343040466309,0.89
T10,corriente,36.887908935546875,-6.471343040466309,0.89
T11,oleaje,36.83366394042969,-6.416280746459961,1.49
T11,viento,36.83235168457031,-6.443564414978027,2.78
T11,nivel,36.83235168457031,-6.443564414978027,2.78
T11,corriente,36.83235168457031,-6.443564414978027,2.78
T12,oleaje,36.750328063964844,-6.444059371948242,0.98
T12,viento,36.74901580810547,-6.471343040466309,3.04
T12,nivel,36.74901580810547,-6.471343040466309,3.04
T12,corriente,36.74901580810547,-6.471343040466309,3.04
T13,oleaje,36.63921356201172,-6.38850212097168,2.83
T13,viento,36.665679931640625,-6.443564414978027,4.81
T13,nivel,36.665679931640625,-6.443564414978027,4.81
T13,corriente,36.665679931640625,-6.443564414978027,4.81
T14,oleaje,36.583656311035156,-6.332944869995117,0.5
T14,viento,36.58234405517578,-6.332449913024902,0.63
T14,nivel,36.58234405517578,-6.332449913024902,0.63
T14,corriente,36.58234405517578,-6.332449913024902,0.63
T15,oleaje,36.50032043457031,-6.305166244506836,2.02
T15,viento,36.49900817871094,-6.304671287536621,2.04
T15,nivel,36.49900817871094,-6.304671287536621,2.04
T15,corriente,36.49900817871094,-6.304671287536621,2.04
T16,oleaje,36.41698455810547,-6.221830368041992,1.72
T16,viento,36.443450927734375,-6.27689266204834,4.34
T16,nivel,36.443450927734375,-6.27689266204834,4.34
T16,corriente,36.443450927734375,-6.27689266204834,4.34
T17,oleaje,36.361427307128906,-6.194051742553711,2.37
T17,viento,36.33233642578125,-6.193556785583496,3.66
T17,nivel,36.33233642578125,-6.193556785583496,3.66
T17,corriente,36.33233642578125,-6.193556785583496,3.66
T18,oleaje,36.27809143066406,-6.110715866088867,1.6
T18,viento,36.27677917480469,-6.137999534606934,3.77
T18,nivel,36.27677917480469,-6.137999534606934,3.77
T18,corriente,36.27677917480469,-6.137999534606934,3.77
T19,oleaje,36.2225341796875,-6.082937240600586,6.51
T19,viento,36.16566467285156,-5.999106407165527,7.68
T19,nivel,36.16566467285156,-5.999106407165527,7.68
T19,corriente,36.16566467285156,-5.999106407165527,7.68
T20,oleaje,36.16697692871094,-5.916265487670898,1.71
T20,viento,36.16566467285156,-5.915770530700684,1.86
T20,nivel,36.16566467285156,-5.915770530700684,1.86
T20,corriente,36.16566467285156,-5.915770530700684,1.86
T21,oleaje,36.111419677734375,-5.860708236694336,2.93
T21,viento,36.110107421875,-5.860213279724121,2.98
T21,nivel,36.110107421875,-5.860213279724121,2.98
T21,corriente,36.110107421875,-5.860213279724121,2.98
T22,oleaje,36.05586242675781,-5.749593257904053,2.85
T22,viento,36.05455017089844,-5.776877403259277,4.33
T22,nivel,36.05455017089844,-5.776877403259277,4.33
T22,corriente,36.05455017089844,-5.776877403259277,4.33
T23,oleaje,36.02808380126953,-5.638478755950928,0.97
T23,viento,36.026771545410156,-5.637984275817871,1.1
T23,nivel,36.026771545410156,-5.637984275817871,1.1
T23,corriente,36.026771545410156,-5.637984275817871,1.1
