tramo,trimestre,marea_max_prevista
T01,2000Q1,1.61
T01,2000Q2,1.551
T01,2000Q3,1.759
T01,2000Q4,1.613
T01,2001Q1,1.7
T01,2001Q2,1.657
T01,2001Q3,1.827
T01,2001Q4,1.773
T01,2002Q1,1.738
T01,2002Q2,1.634
T01,2002Q3,1.788
T01,2002Q4,1.822
T01,2003Q1,1.687
T01,2003Q2,1.682
T01,2003Q3,1.73
T01,2003Q4,1.704
T01,2004Q1,1.552
T01,2004Q2,1.599
T01,2004Q3,1.724
T01,2004Q4,1.596
T01,2005Q1,1.671
T01,2005Q2,1.606
T01,2005Q3,1.814
T01,2005Q4,1.668
T01,2006Q1,1.713
T01,2006Q2,1.589
T01,2006Q3,1.824
T01,2006Q4,1.782
T01,2007Q1,1.693
T01,2007Q2,1.646
T01,2007Q3,1.78
T01,2007Q4,1.639
T01,2008Q1,1.575
T01,2008Q2,1.606
T01,2008Q3,1.707
T01,2008Q4,1.626
T01,2009Q1,1.627
T01,2009Q2,1.581
T01,2009Q3,1.779
T01,2009Q4,1.619
T01,2010Q1,1.708
T01,2010Q2,1.519
T01,2010Q3,1.836
T01,2010Q4,1.757
T01,2011Q1,1.705
T01,2011Q2,1.595
T01,2011Q3,1.798
T01,2011Q4,1.676
T01,2012Q1,1.641
T01,2012Q2,1.628
T01,2012Q3,1.692
T01,2012Q4,1.689
T01,2013Q1,1.614
T01,2013Q2,1.645
T01,2013Q3,1.757
T01,2013Q4,1.602
T01,2014Q1,1.698
T01,2014Q2,1.564
T01,2014Q3,1.819
T01,2014Q4,1.74
T01,2015Q1,1.733
T01,2015Q2,1.657
T01,2015Q3,1.816
T01,2015Q4,1.714
T01,2016Q1,1.682
T01,2016Q2,1.712
T01,2016Q3,1.776
T01,2016Q4,1.745
T01,2017Q1,1.619
T01,2017Q2,1.631
T01,2017Q3,1.708
T01,2017Q4,1.679
T01,2018Q1,1.631
T01,2018Q2,1.606
T01,2018Q3,1.809
T01,2018Q4,1.748
T01,2019Q1,1.697
T01,2019Q2,1.643
T01,2019Q3,1.851
T01,2019Q4,1.724
T01,2020Q1,1.706
T01,2020Q2,1.696
T01,2020Q3,1.811
T01,2020Q4,1.799
T01,2021Q1,1.662
T01,2021Q2,1.618
T01,2021Q3,1.683
T01,2021Q4,1.731
T01,2022Q1,1.599
T01,2022Q2,1.55
T01,2022Q3,1.746
T01,2022Q4,1.682
T01,2023Q1,1.699
T01,2023Q2,1.583
T01,2023Q3,1.798
T01,2023Q4,1.71
T01,2024Q1,1.719
T01,2024Q2,1.696
T01,2024Q3,1.806
T01,2024Q4,1.733
T01,2025Q1,1.695
T02,2000Q1,1.617
T02,2000Q2,1.561
T02,2000Q3,1.769
T02,2000Q4,1.621
T02,2001Q1,1.708
T02,2001Q2,1.664
T02,2001Q3,1.837
T02,2001Q4,1.783
T02,2002Q1,1.745
T02,2002Q2,1.641
T02,2002Q3,1.797
T02,2002Q4,1.831
T02,2003Q1,1.694
T02,2003Q2,1.689
T02,2003Q3,1.739
T02,2003Q4,1.712
T02,2004Q1,1.558
T02,2004Q2,1.606
T02,2004Q3,1.733
T02,2004Q4,1.605
T02,2005Q1,1.678
T02,2005Q2,1.613
T02,2005Q3,1.823
T02,2005Q4,1.676
T02,2006Q1,1.721
T02,2006Q2,1.597
T02,2006Q3,1.834
T02,2006Q4,1.791
T02,2007Q1,1.7
T02,2007Q2,1.653
T02,2007Q3,1.789
T02,2007Q4,1.647
T02,2008Q1,1.581
T02,2008Q2,1.613
T02,2008Q3,1.716
T02,2008Q4,1.634
T02,2009Q1,1.634
T02,2009Q2,1.59
T02,2009Q3,1.789
T02,2009Q4,1.627
T02,2010Q1,1.715
T02,2010Q2,1.526
T02,2010Q3,1.846
T02,2010Q4,1.766
T02,2011Q1,1.712
T02,2011Q2,1.605
T02,2011Q3,1.808
T02,2011Q4,1.684
T02,2012Q1,1.647
T02,2012Q2,1.635
T02,2012Q3,1.702
T02,2012Q4,1.698
T02,2013Q1,1.621
T02,2013Q2,1.655
T02,2013Q3,1.767
T02,2013Q4,1.609
T02,2014Q1,1.706
T02,2014Q2,1.573
T02,2014Q3,1.829
T02,2014Q4,1.75
T02,2015Q1,1.74
T02,2015Q2,1.665
T02,2015Q3,1.825
T02,2015Q4,1.723
T02,2016Q1,1.689
T02,2016Q2,1.72
T02,2016Q3,1.786
T02,2016Q4,1.754
T02,2017Q1,1.627
T02,2017Q2,1.639
T02,2017Q3,1.718
T02,2017Q4,1.688
T02,2018Q1,1.638
T02,2018Q2,1.614
T02,2018Q3,1.819
T02,2018Q4,1.757
T02,2019Q1,1.704
T02,2019Q2,1.651
T02,2019Q3,1.861
T02,2019Q4,1.733
T02,2020Q1,1.713
T02,2020Q2,1.704
T02,2020Q3,1.821
T02,2020Q4,1.808
T02,2021Q1,1.669
T02,2021Q2,1.626
T02,2021Q3,1.692
T02,2021Q4,1.741
T02,2022Q1,1.606
T02,2022Q2,1.556
T02,2022Q3,1.755
T02,2022Q4,1.691
T02,2023Q1,1.706
T02,2023Q2,1.591
T02,2023Q3,1.808
T02,2023Q4,1.719
T02,2024Q1,1.726
T02,2024Q2,1.703
T02,2024Q3,1.816
T02,2024Q4,1.742
T02,2025Q1,1.702
T03,2000Q1,1.619
T03,2000Q2,1.565
T03,2000Q3,1.772
T03,2000Q4,1.623
T03,2001Q1,1.71
T03,2001Q2,1.667
T03,2001Q3,1.842
T03,2001Q4,1.785
T03,2002Q1,1.748
T03,2002Q2,1.644
T03,2002Q3,1.8
T03,2002Q4,1.834
T03,2003Q1,1.696
T03,2003Q2,1.693
T03,2003Q3,1.743
T03,2003Q4,1.714
T03,2004Q1,1.561
T03,2004Q2,1.61
T03,2004Q3,1.738
T03,2004Q4,1.607
T03,2005Q1,1.681
T03,2005Q2,1.616
T03,2005Q3,1.826
T03,2005Q4,1.679
T03,2006Q1,1.724
T03,2006Q2,1.601
T03,2006Q3,1.838
T03,2006Q4,1.793
T03,2007Q1,1.704
T03,2007Q2,1.657
T03,2007Q3,1.792
T03,2007Q4,1.648
T03,2008Q1,1.582
T03,2008Q2,1.617
T03,2008Q3,1.72
T03,2008Q4,1.635
T03,2009Q1,1.636
T03,2009Q2,1.595
T03,2009Q3,1.794
T03,2009Q4,1.629
T03,2010Q1,1.717
T03,2010Q2,1.528
T03,2010Q3,1.85
T03,2010Q4,1.768
T03,2011Q1,1.715
T03,2011Q2,1.607
T03,2011Q3,1.811
T03,2011Q4,1.687
T03,2012Q1,1.649
T03,2012Q2,1.638
T03,2012Q3,1.706
T03,2012Q4,1.7
T03,2013Q1,1.623
T03,2013Q2,1.66
T03,2013Q3,1.771
T03,2013Q4,1.609
T03,2014Q1,1.708
T03,2014Q2,1.578
T03,2014Q3,1.833
T03,2014Q4,1.753
T03,2015Q1,1.743
T03,2015Q2,1.668
T03,2015Q3,1.829
T03,2015Q4,1.725
T03,2016Q1,1.691
T03,2016Q2,1.723
T03,2016Q3,1.789
T03,2016Q4,1.755
T03,2017Q1,1.629
T03,2017Q2,1.643
T03,2017Q3,1.722
T03,2017Q4,1.69
T03,2018Q1,1.64
T03,2018Q2,1.617
T03,2018Q3,1.823
T03,2018Q4,1.759
T03,2019Q1,1.706
T03,2019Q2,1.655
T03,2019Q3,1.864
T03,2019Q4,1.734
T03,2020Q1,1.714
T03,2020Q2,1.708
T03,2020Q3,1.824
T03,2020Q4,1.81
T03,2021Q1,1.672
T03,2021Q2,1.63
T03,2021Q3,1.696
T03,2021Q4,1.743
T03,2022Q1,1.608
T03,2022Q2,1.559
T03,2022Q3,1.76
T03,2022Q4,1.693
T03,2023Q1,1.709
T03,2023Q2,1.594
T03,2023Q3,1.812
T03,2023Q4,1.722
T03,2024Q1,1.729
T03,2024Q2,1.707
T03,2024Q3,1.819
T03,2024Q4,1.745
T03,2025Q1,1.705
T04,2000Q1,1.623
T04,2000Q2,1.574
T04,2000Q3,1.779
T04,2000Q4,1.628
T04,2001Q1,1.715
T04,2001Q2,1.671
T04,2001Q3,1.849
T04,2001Q4,1.791
T04,2002Q1,1.753
T04,2002Q2,1.649
T04,2002Q3,1.806
T04,2002Q4,1.841
T04,2003Q1,1.7
T04,2003Q2,1.697
T04,2003Q3,1.75
T04,2003Q4,1.721
T04,2004Q1,1.565
T04,2004Q2,1.614
T04,2004Q3,1.744
T04,2004Q4,1.614
T04,2005Q1,1.686
T04,2005Q2,1.621
T04,2005Q3,1.833
T04,2005Q4,1.686
T04,2006Q1,1.729
T04,2006Q2,1.606
T04,2006Q3,1.845
T04,2006Q4,1.799
T04,2007Q1,1.709
T04,2007Q2,1.662
T04,2007Q3,1.798
T04,2007Q4,1.653
T04,2008Q1,1.585
T04,2008Q2,1.621
T04,2008Q3,1.727
T04,2008Q4,1.641
T04,2009Q1,1.64
T04,2009Q2,1.601
T04,2009Q3,1.801
T04,2009Q4,1.635
T04,2010Q1,1.721
T04,2010Q2,1.532
T04,2010Q3,1.857
T04,2010Q4,1.774
T04,2011Q1,1.719
T04,2011Q2,1.615
T04,2011Q3,1.818
T04,2011Q4,1.693
T04,2012Q1,1.653
T04,2012Q2,1.642
T04,2012Q3,1.713
T04,2012Q4,1.706
T04,2013Q1,1.627
T04,2013Q2,1.667
T04,2013Q3,1.778
T04,2013Q4,1.614
T04,2014Q1,1.713
T04,2014Q2,1.586
T04,2014Q3,1.839
T04,2014Q4,1.759
T04,2015Q1,1.748
T04,2015Q2,1.673
T04,2015Q3,1.836
T04,2015Q4,1.732
T04,2016Q1,1.696
T04,2016Q2,1.728
T04,2016Q3,1.795
T04,2016Q4,1.761
T04,2017Q1,1.634
T04,2017Q2,1.648
T04,2017Q3,1.73
T04,2017Q4,1.697
T04,2018Q1,1.644
T04,2018Q2,1.622
T04,2018Q3,1.831
T04,2018Q4,1.765
T04,2019Q1,1.711
T04,2019Q2,1.66
T04,2019Q3,1.871
T04,2019Q4,1.74
T04,2020Q1,1.718
T04,2020Q2,1.713
T04,2020Q3,1.831
T04,2020Q4,1.816
T04,2021Q1,1.677
T04,2021Q2,1.636
T04,2021Q3,1.703
T04,2021Q4,1.75
T04,2022Q1,1.612
T04,2022Q2,1.563
T04,2022Q3,1.767
T04,2022Q4,1.699
T04,2023Q1,1.714
T04,2023Q2,1.599
T04,2023Q3,1.819
T04,2023Q4,1.728
T04,2024Q1,1.734
T04,2024Q2,1.711
T04,2024Q3,1.826
T04,2024Q4,1.751
T04,2025Q1,1.71
T05,2000Q1,1.625
T05,2000Q2,1.578
T05,2000Q3,1.781
T05,2000Q4,1.63
T05,2001Q1,1.717
T05,2001Q2,1.672
T05,2001Q3,1.853
T05,2001Q4,1.793
T05,2002Q1,1.755
T05,2002Q2,1.65
T05,2002Q3,1.808
T05,2002Q4,1.844
T05,2003Q1,1.701
T05,2003Q2,1.699
T05,2003Q3,1.753
T05,2003Q4,1.722
T05,2004Q1,1.566
T05,2004Q2,1.616
T05,2004Q3,1.748
T05,2004Q4,1.616
T05,2005Q1,1.688
T05,2005Q2,1.622
T05,2005Q3,1.835
T05,2005Q4,1.689
T05,2006Q1,1.731
T05,2006Q2,1.608
T05,2006Q3,1.849
T05,2006Q4,1.8
T05,2007Q1,1.711
T05,2007Q2,1.663
T05,2007Q3,1.8
T05,2007Q4,1.653
T05,2008Q1,1.585
T05,2008Q2,1.623
T05,2008Q3,1.73
T05,2008Q4,1.642
T05,2009Q1,1.641
T05,2009Q2,1.605
T05,2009Q3,1.806
T05,2009Q4,1.636
T05,2010Q1,1.722
T05,2010Q2,1.533
T05,2010Q3,1.861
T05,2010Q4,1.776
T05,2011Q1,1.72
T05,2011Q2,1.616
T05,2011Q3,1.82
T05,2011Q4,1.696
T05,2012Q1,1.653
T05,2012Q2,1.643
T05,2012Q3,1.716
T05,2012Q4,1.708
T05,2013Q1,1.629
T05,2013Q2,1.672
T05,2013Q3,1.781
T05,2013Q4,1.615
T05,2014Q1,1.715
T05,2014Q2,1.591
T05,2014Q3,1.842
T05,2014Q4,1.762
T05,2015Q1,1.75
T05,2015Q2,1.675
T05,2015Q3,1.839
T05,2015Q4,1.734
T05,2016Q1,1.697
T05,2016Q2,1.73
T05,2016Q3,1.797
T05,2016Q4,1.762
T05,2017Q1,1.635
T05,2017Q2,1.651
T05,2017Q3,1.734
T05,2017Q4,1.699
T05,2018Q1,1.645
T05,2018Q2,1.624
T05,2018Q3,1.834
T05,2018Q4,1.767
T05,2019Q1,1.712
T05,2019Q2,1.662
T05,2019Q3,1.874
T05,2019Q4,1.741
T05,2020Q1,1.719
T05,2020Q2,1.716
T05,2020Q3,1.833
T05,2020Q4,1.818
T05,2021Q1,1.678
T05,2021Q2,1.639
T05,2021Q3,1.706
T05,2021Q4,1.753
T05,2022Q1,1.614
T05,2022Q2,1.565
T05,2022Q3,1.771
T05,2022Q4,1.701
T05,2023Q1,1.716
T05,2023Q2,1.601
T05,2023Q3,1.821
T05,2023Q4,1.73
T05,2024Q1,1.736
T05,2024Q2,1.713
T05,2024Q3,1.828
T05,2024Q4,1.753
T05,2025Q1,1.712
T06,2000Q1,1.628
T06,2000Q2,1.582
T06,2000Q3,1.784
T06,2000Q4,1.633
T06,2001Q1,1.72
T06,2001Q2,1.675
T06,2001Q3,1.857
T06,2001Q4,1.795
T06,2002Q1,1.758
T06,2002Q2,1.653
T06,2002Q3,1.812
T06,2002Q4,1.847
T06,2003Q1,1.703
T06,2003Q2,1.702
T06,2003Q3,1.757
T06,2003Q4,1.724
T06,2004Q1,1.569
T06,2004Q2,1.619
T06,2004Q3,1.752
T06,2004Q4,1.618
T06,2005Q1,1.692
T06,2005Q2,1.625
T06,2005Q3,1.839
T06,2005Q4,1.692
T06,2006Q1,1.734
T06,2006Q2,1.612
T06,2006Q3,1.853
T06,2006Q4,1.802
T06,2007Q1,1.714
T06,2007Q2,1.666
T06,2007Q3,1.803
T06,2007Q4,1.654
T06,2008Q1,1.588
T06,2008Q2,1.626
T06,2008Q3,1.734
T06,2008Q4,1.643
T06,2009Q1,1.645
T06,2009Q2,1.61
T06,2009Q3,1.811
T06,2009Q4,1.638
T06,2010Q1,1.725
T06,2010Q2,1.535
T06,2010Q3,1.865
T06,2010Q4,1.777
T06,2011Q1,1.722
T06,2011Q2,1.617
T06,2011Q3,1.823
T06,2011Q4,1.698
T06,2012Q1,1.656
T06,2012Q2,1.645
T06,2012Q3,1.719
T06,2012Q4,1.709
T06,2013Q1,1.632
T06,2013Q2,1.677
T06,2013Q3,1.785
T06,2013Q4,1.617
T06,2014Q1,1.718
T06,2014Q2,1.595
T06,2014Q3,1.845
T06,2014Q4,1.764
T06,2015Q1,1.753
T06,2015Q2,1.677
T06,2015Q3,1.841
T06,2015Q4,1.735
T06,2016Q1,1.699
T06,2016Q2,1.734
T06,2016Q3,1.798
T06,2016Q4,1.764
T06,2017Q1,1.637
T06,2017Q2,1.654
T06,2017Q3,1.738
T06,2017Q4,1.701
T06,2018Q1,1.648
T06,2018Q2,1.627
T06,2018Q3,1.838
T06,2018Q4,1.769
T06,2019Q1,1.715
T06,2019Q2,1.666
T06,2019Q3,1.877
T06,2019Q4,1.742
T06,2020Q1,1.721
T06,2020Q2,1.72
T06,2020Q3,1.836
T06,2020Q4,1.82
T06,2021Q1,1.681
T06,2021Q2,1.642
T06,2021Q3,1.709
T06,2021Q4,1.755
T06,2022Q1,1.617
T06,2022Q2,1.567
T06,2022Q3,1.775
T06,2022Q4,1.703
T06,2023Q1,1.719
T06,2023Q2,1.605
T06,2023Q3,1.825
T06,2023Q4,1.732
T06,2024Q1,1.739
T06,2024Q2,1.716
T06,2024Q3,1.831
T06,2024Q4,1.755
T06,2025Q1,1.715
T07,2000Q1,1.632
T07,2000Q2,1.587
T07,2000Q3,1.789
T07,2000Q4,1.637
T07,2001Q1,1.724
T07,2001Q2,1.679
T07,2001Q3,1.863
T07,2001Q4,1.8
T07,2002Q1,1.762
T07,2002Q2,1.656
T07,2002Q3,1.817
T07,2002Q4,1.852
T07,2003Q1,1.706
T07,2003Q2,1.705
T07,2003Q3,1.762
T07,2003Q4,1.728
T07,2004Q1,1.573
T07,2004Q2,1.623
T07,2004Q3,1.758
T07,2004Q4,1.622
T07,2005Q1,1.696
T07,2005Q2,1.629
T07,2005Q3,1.844
T07,2005Q4,1.697
T07,2006Q1,1.738
T07,2006Q2,1.616
T07,2006Q3,1.858
T07,2006Q4,1.806
T07,2007Q1,1.719
T07,2007Q2,1.67
T07,2007Q3,1.807
T07,2007Q4,1.657
T07,2008Q1,1.591
T07,2008Q2,1.63
T07,2008Q3,1.74
T07,2008Q4,1.646
T07,2009Q1,1.649
T07,2009Q2,1.616
T07,2009Q3,1.817
T07,2009Q4,1.642
T07,2010Q1,1.729
T07,2010Q2,1.538
T07,2010Q3,1.87
T07,2010Q4,1.781
T07,2011Q1,1.726
T07,2011Q2,1.621
T07,2011Q3,1.827
T07,2011Q4,1.702
T07,2012Q1,1.659
T07,2012Q2,1.648
T07,2012Q3,1.724
T07,2012Q4,1.713
T07,2013Q1,1.636
T07,2013Q2,1.683
T07,2013Q3,1.79
T07,2013Q4,1.621
T07,2014Q1,1.722
T07,2014Q2,1.601
T07,2014Q3,1.85
T07,2014Q4,1.768
T07,2015Q1,1.757
T07,2015Q2,1.681
T07,2015Q3,1.846
T07,2015Q4,1.739
T07,2016Q1,1.703
T07,2016Q2,1.737
T07,2016Q3,1.803
T07,2016Q4,1.767
T07,2017Q1,1.641
T07,2017Q2,1.657
T07,2017Q3,1.744
T07,2017Q4,1.705
T07,2018Q1,1.651
T07,2018Q2,1.631
T07,2018Q3,1.844
T07,2018Q4,1.773
T07,2019Q1,1.719
T07,2019Q2,1.67
T07,2019Q3,1.882
T07,2019Q4,1.746
T07,2020Q1,1.724
T07,2020Q2,1.724
T07,2020Q3,1.841
T07,2020Q4,1.825
T07,2021Q1,1.685
T07,2021Q2,1.646
T07,2021Q3,1.714
T07,2021Q4,1.76
T07,2022Q1,1.621
T07,2022Q2,1.571
T07,2022Q3,1.781
T07,2022Q4,1.708
T07,2023Q1,1.723
T07,2023Q2,1.609
T07,2023Q3,1.83
T07,2023Q4,1.736
T07,2024Q1,1.744
T07,2024Q2,1.719
T07,2024Q3,1.836
T07,2024Q4,1.759
T07,2025Q1,1.718
T08,2000Q1,1.639
T08,2000Q2,1.595
T08,2000Q3,1.797
T08,2000Q4,1.643
T08,2001Q1,1.732
T08,2001Q2,1.686
T08,2001Q3,1.871
T08,2001Q4,1.806
T08,2002Q1,1.77
T08,2002Q2,1.663
T08,2002Q3,1.825
T08,2002Q4,1.859
T08,2003Q1,1.713
T08,2003Q2,1.712
T08,2003Q3,1.77
T08,2003Q4,1.734
T08,2004Q1,1.58
T08,2004Q2,1.629
T08,2004Q3,1.766
T08,2004Q4,1.628
T08,2005Q1,1.704
T08,2005Q2,1.635
T08,2005Q3,1.851
T08,2005Q4,1.704
T08,2006Q1,1.746
T08,2006Q2,1.624
T08,2006Q3,1.867
T08,2006Q4,1.812
T08,2007Q1,1.726
T08,2007Q2,1.676
T08,2007Q3,1.814
T08,2007Q4,1.662
T08,2008Q1,1.597
T08,2008Q2,1.637
T08,2008Q3,1.748
T08,2008Q4,1.652
T08,2009Q1,1.656
T08,2009Q2,1.624
T08,2009Q3,1.826
T08,2009Q4,1.648
T08,2010Q1,1.736
T08,2010Q2,1.544
T08,2010Q3,1.878
T08,2010Q4,1.787
T08,2011Q1,1.732
T08,2011Q2,1.627
T08,2011Q3,1.834
T08,2011Q4,1.708
T08,2012Q1,1.666
T08,2012Q2,1.654
T08,2012Q3,1.731
T08,2012Q4,1.718
T08,2013Q1,1.643
T08,2013Q2,1.692
T08,2013Q3,1.798
T08,2013Q4,1.626
T08,2014Q1,1.729
T08,2014Q2,1.61
T08,2014Q3,1.857
T08,2014Q4,1.775
T08,2015Q1,1.765
T08,2015Q2,1.687
T08,2015Q3,1.854
T08,2015Q4,1.745
T08,2016Q1,1.709
T08,2016Q2,1.744
T08,2016Q3,1.809
T08,2016Q4,1.773
T08,2017Q1,1.647
T08,2017Q2,1.664
T08,2017Q3,1.753
T08,2017Q4,1.711
T08,2018Q1,1.658
T08,2018Q2,1.638
T08,2018Q3,1.852
T08,2018Q4,1.779
T08,2019Q1,1.725
T08,2019Q2,1.677
T08,2019Q3,1.89
T08,2019Q4,1.751
T08,2020Q1,1.731
T08,2020Q2,1.732
T08,2020Q3,1.848
T08,2020Q4,1.831
T08,2021Q1,1.692
T08,2021Q2,1.653
T08,2021Q3,1.721
T08,2021Q4,1.767
T08,2022Q1,1.629
T08,2022Q2,1.577
T08,2022Q3,1.79
T08,2022Q4,1.714
T08,2023Q1,1.731
T08,2023Q2,1.617
T08,2023Q3,1.838
T08,2023Q4,1.742
T08,2024Q1,1.752
T08,2024Q2,1.726
T08,2024Q3,1.843
T08,2024Q4,1.765
T08,2025Q1,1.726
T09,2000Q1,1.648
T09,2000Q2,1.607
T09,2000Q3,1.808
T09,2000Q4,1.651
T09,2001Q1,1.742
T09,2001Q2,1.694
T09,2001Q3,1.883
T09,2001Q4,1.814
T09,2002Q1,1.779
T09,2002Q2,1.67
T09,2002Q3,1.836
T09,2002Q4,1.869
T09,2003Q1,1.721
T09,2003Q2,1.721
T09,2003Q3,1.78
T09,2003Q4,1.741
T09,2004Q1,1.589
T09,2004Q2,1.638
T09,2004Q3,1.778
T09,2004Q4,1.637
T09,2005Q1,1.715
T09,2005Q2,1.644
T09,2005Q3,1.862
T09,2005Q4,1.714
T09,2006Q1,1.756
T09,2006Q2,1.633
T09,2006Q3,1.878
T09,2006Q4,1.82
T09,2007Q1,1.737
T09,2007Q2,1.685
T09,2007Q3,1.823
T09,2007Q4,1.667
T09,2008Q1,1.606
T09,2008Q2,1.645
T09,2008Q3,1.759
T09,2008Q4,1.658
T09,2009Q1,1.666
T09,2009Q2,1.636
T09,2009Q3,1.84
T09,2009Q4,1.656
T09,2010Q1,1.745
T09,2010Q2,1.556
T09,2010Q3,1.89
T09,2010Q4,1.795
T09,2011Q1,1.741
T09,2011Q2,1.636
T09,2011Q3,1.843
T09,2011Q4,1.715
T09,2012Q1,1.675
T09,2012Q2,1.661
T09,2012Q3,1.742
T09,2012Q4,1.725
T09,2013Q1,1.653
T09,2013Q2,1.705
T09,2013Q3,1.809
T09,2013Q4,1.634
T09,2014Q1,1.739
T09,2014Q2,1.623
T09,2014Q3,1.867
T09,2014Q4,1.783
T09,2015Q1,1.774
T09,2015Q2,1.695
T09,2015Q3,1.863
T09,2015Q4,1.752
T09,2016Q1,1.718
T09,2016Q2,1.753
T09,2016Q3,1.817
T09,2016Q4,1.78
T09,2017Q1,1.657
T09,2017Q2,1.672
T09,2017Q3,1.765
T09,2017Q4,1.719
T09,2018Q1,1.666
T09,2018Q2,1.648
T09,2018Q3,1.864
T09,2018Q4,1.787
T09,2019Q1,1.734
T09,2019Q2,1.686
T09,2019Q3,1.9
T09,2019Q4,1.758
T09,2020Q1,1.739
T09,2020Q2,1.743
T09,2020Q3,1.859
T09,2020Q4,1.839
T09,2021Q1,1.701
T09,2021Q2,1.662
T09,2021Q3,1.732
T09,2021Q4,1.776
T09,2022Q1,1.639
T09,2022Q2,1.585
T09,2022Q3,1.802
T09,2022Q4,1.722
T09,2023Q1,1.74
T09,2023Q2,1.626
T09,2023Q3,1.848
T09,2023Q4,1.75
T09,2024Q1,1.762
T09,2024Q2,1.735
T09,2024Q3,1.853
T09,2024Q4,1.773
T09,2025Q1,1.735
T10,2000Q1,1.651
T10,2000Q2,1.611
T10,2000Q3,1.812
T10,2000Q4,1.653
T10,2001Q1,1.745
T10,2001Q2,1.696
T10,2001Q3,1.887
T10,2001Q4,1.816
T10,2002Q1,1.782
T10,2002Q2,1.672
T10,2002Q3,1.839
T10,2002Q4,1.872
T10,2003Q1,1.724
T10,2003Q2,1.723
T10,2003Q3,1.784
T10,2003Q4,1.743
T10,2004Q1,1.592
T10,2004Q2,1.642
T10,2004Q3,1.781
T10,2004Q4,1.639
T10,2005Q1,1.719
T10,2005Q2,1.648
T10,2005Q3,1.863
T10,2005Q4,1.718
T10,2006Q1,1.759
T10,2006Q2,1.636
T10,2006Q3,1.881
T10,2006Q4,1.821
T10,2007Q1,1.741
T10,2007Q2,1.688
T10,2007Q3,1.825
T10,2007Q4,1.668
T10,2008Q1,1.61
T10,2008Q2,1.649
T10,2008Q3,1.762
T10,2008Q4,1.659
T10,2009Q1,1.669
T10,2009Q2,1.639
T10,2009Q3,1.844
T10,2009Q4,1.657
T10,2010Q1,1.748
T10,2010Q2,1.559
T10,2010Q3,1.893
T10,2010Q4,1.796
T10,2011Q1,1.743
T10,2011Q2,1.639
T10,2011Q3,1.845
T10,2011Q4,1.717
T10,2012Q1,1.678
T10,2012Q2,1.663
T10,2012Q3,1.745
T10,2012Q4,1.727
T10,2013Q1,1.657
T10,2013Q2,1.709
T10,2013Q3,1.812
T10,2013Q4,1.635
T10,2014Q1,1.743
T10,2014Q2,1.628
T10,2014Q3,1.869
T10,2014Q4,1.785
T10,2015Q1,1.777
T10,2015Q2,1.697
T10,2015Q3,1.864
T10,2015Q4,1.754
T10,2016Q1,1.721
T10,2016Q2,1.757
T10,2016Q3,1.818
T10,2016Q4,1.78
T10,2017Q1,1.661
T10,2017Q2,1.675
T10,2017Q3,1.768
T10,2017Q4,1.721
T10,2018Q1,1.669
T10,2018Q2,1.651
T10,2018Q3,1.867
T10,2018Q4,1.788
T10,2019Q1,1.736
T10,2019Q2,1.69
T10,2019Q3,1.902
T10,2019Q4,1.76
T10,2020Q1,1.741
T10,2020Q2,1.747
T10,2020Q3,1.862
T10,2020Q4,1.841
T10,2021Q1,1.704
T10,2021Q2,1.666
T10,2021Q3,1.735
T10,2021Q4,1.778
T10,2022Q1,1.642
T10,2022Q2,1.587
T10,2022Q3,1.806
T10,2022Q4,1.724
T10,2023Q1,1.744
T10,2023Q2,1.629
T10,2023Q3,1.851
T10,2023Q4,1.751
T10,2024Q1,1.767
T10,2024Q2,1.738
T10,2024Q3,1.855
T10,2024Q4,1.775
T10,2025Q1,1.739
T11,2000Q1,1.652
T11,2000Q2,1.611
T11,2000Q3,1.813
T11,2000Q4,1.652
T11,2001Q1,1.746
T11,2001Q2,1.695
T11,2001Q3,1.887
T11,2001Q4,1.815
T11,2002Q1,1.782
T11,2002Q2,1.67
T11,2002Q3,1.839
T11,2002Q4,1.872
T11,2003Q1,1.724
T11,2003Q2,1.723
T11,2003Q3,1.785
T11,2003Q4,1.742
T11,2004Q1,1.593
T11,2004Q2,1.642
T11,2004Q3,1.781
T11,2004Q4,1.639
T11,2005Q1,1.721
T11,2005Q2,1.649
T11,2005Q3,1.862
T11,2005Q4,1.719
T11,2006Q1,1.76
T11,2006Q2,1.637
T11,2006Q3,1.881
T11,2006Q4,1.819
T11,2007Q1,1.743
T11,2007Q2,1.687
T11,2007Q3,1.824
T11,2007Q4,1.665
T11,2008Q1,1.611
T11,2008Q2,1.65
T11,2008Q3,1.763
T11,2008Q4,1.657
T11,2009Q1,1.67
T11,2009Q2,1.639
T11,2009Q3,1.845
T11,2009Q4,1.656
T11,2010Q1,1.749
T11,2010Q2,1.56
T11,2010Q3,1.893
T11,2010Q4,1.794
T11,2011Q1,1.743
T11,2011Q2,1.639
T11,2011Q3,1.845
T11,2011Q4,1.716
T11,2012Q1,1.678
T11,2012Q2,1.662
T11,2012Q3,1.745
T11,2012Q4,1.725
T11,2013Q1,1.658
T11,2013Q2,1.709
T11,2013Q3,1.811
T11,2013Q4,1.634
T11,2014Q1,1.744
T11,2014Q2,1.629
T11,2014Q3,1.867
T11,2014Q4,1.785
T11,2015Q1,1.778
T11,2015Q2,1.696
T11,2015Q3,1.863
T11,2015Q4,1.753
T11,2016Q1,1.721
T11,2016Q2,1.756
T11,2016Q3,1.817
T11,2016Q4,1.779
T11,2017Q1,1.662
T11,2017Q2,1.674
T11,2017Q3,1.769
T11,2017Q4,1.719
T11,2018Q1,1.669
T11,2018Q2,1.652
T11,2018Q3,1.867
T11,2018Q4,1.787
T11,2019Q1,1.736
T11,2019Q2,1.69
T11,2019Q3,1.901
T11,2019Q4,1.759
T11,2020Q1,1.74
T11,2020Q2,1.748
T11,2020Q3,1.863
T11,2020Q4,1.839
T11,2021Q1,1.704
T11,2021Q2,1.667
T11,2021Q3,1.735
T11,2021Q4,1.778
T11,2022Q1,1.644
T11,2022Q2,1.587
T11,2022Q3,1.807
T11,2022Q4,1.725
T11,2023Q1,1.744
T11,2023Q2,1.63
T11,2023Q3,1.851
T11,2023Q4,1.75
T11,2024Q1,1.768
T11,2024Q2,1.738
T11,2024Q3,1.853
T11,2024Q4,1.774
T11,2025Q1,1.739
T12,2000Q1,1.633
T12,2000Q2,1.59
T12,2000Q3,1.793
T12,2000Q4,1.635
T12,2001Q1,1.725
T12,2001Q2,1.674
T12,2001Q3,1.867
T12,2001Q4,1.794
T12,2002Q1,1.761
T12,2002Q2,1.65
T12,2002Q3,1.818
T12,2002Q4,1.851
T12,2003Q1,1.703
T12,2003Q2,1.702
T12,2003Q3,1.766
T12,2003Q4,1.723
T12,2004Q1,1.574
T12,2004Q2,1.623
T12,2004Q3,1.759
T12,2004Q4,1.621
T12,2005Q1,1.702
T12,2005Q2,1.632
T12,2005Q3,1.84
T12,2005Q4,1.703
T12,2006Q1,1.741
T12,2006Q2,1.619
T12,2006Q3,1.859
T12,2006Q4,1.796
T12,2007Q1,1.724
T12,2007Q2,1.668
T12,2007Q3,1.802
T12,2007Q4,1.645
T12,2008Q1,1.593
T12,2008Q2,1.631
T12,2008Q3,1.743
T12,2008Q4,1.637
T12,2009Q1,1.65
T12,2009Q2,1.616
T12,2009Q3,1.825
T12,2009Q4,1.638
T12,2010Q1,1.728
T12,2010Q2,1.538
T12,2010Q3,1.872
T12,2010Q4,1.773
T12,2011Q1,1.721
T12,2011Q2,1.621
T12,2011Q3,1.824
T12,2011Q4,1.696
T12,2012Q1,1.659
T12,2012Q2,1.641
T12,2012Q3,1.726
T12,2012Q4,1.706
T12,2013Q1,1.64
T12,2013Q2,1.687
T12,2013Q3,1.788
T12,2013Q4,1.616
T12,2014Q1,1.724
T12,2014Q2,1.608
T12,2014Q3,1.844
T12,2014Q4,1.765
T12,2015Q1,1.758
T12,2015Q2,1.675
T12,2015Q3,1.838
T12,2015Q4,1.734
T12,2016Q1,1.701
T12,2016Q2,1.736
T12,2016Q3,1.795
T12,2016Q4,1.761
T12,2017Q1,1.644
T12,2017Q2,1.655
T12,2017Q3,1.748
T12,2017Q4,1.699
T12,2018Q1,1.648
T12,2018Q2,1.634
T12,2018Q3,1.845
T12,2018Q4,1.765
T12,2019Q1,1.717
T12,2019Q2,1.671
T12,2019Q3,1.88
T12,2019Q4,1.74
T12,2020Q1,1.718
T12,2020Q2,1.73
T12,2020Q3,1.842
T12,2020Q4,1.818
T12,2021Q1,1.684
T12,2021Q2,1.649
T12,2021Q3,1.714
T12,2021Q4,1.758
T12,2022Q1,1.625
T12,2022Q2,1.568
T12,2022Q3,1.788
T12,2022Q4,1.707
T12,2023Q1,1.724
T12,2023Q2,1.611
T12,2023Q3,1.831
T12,2023Q4,1.729
T12,2024Q1,1.748
T12,2024Q2,1.717
T12,2024Q3,1.83
T12,2024Q4,1.755
T12,2025Q1,1.719
T13,2000Q1,1.608
T13,2000Q2,1.565
T13,2000Q3,1.769
T13,2000Q4,1.612
T13,2001Q1,1.699
T13,2001Q2,1.648
T13,2001Q3,1.842
T13,2001Q4,1.77
T13,2002Q1,1.735
T13,2002Q2,1.625
T13,2002Q3,1.795
T13,2002Q4,1.828
T13,2003Q1,1.679
T13,2003Q2,1.678
T13,2003Q3,1.744
T13,2003Q4,1.701
T13,2004Q1,1.551
T13,2004Q2,1.601
T13,2004Q3,1.733
T13,2004Q4,1.601
T13,2005Q1,1.678
T13,2005Q2,1.608
T13,2005Q3,1.813
T13,2005Q4,1.682
T13,2006Q1,1.716
T13,2006Q2,1.597
T13,2006Q3,1.833
T13,2006Q4,1.771
T13,2007Q1,1.701
T13,2007Q2,1.645
T13,2007Q3,1.777
T13,2007Q4,1.622
T13,2008Q1,1.571
T13,2008Q2,1.609
T13,2008Q3,1.718
T13,2008Q4,1.615
T13,2009Q1,1.626
T13,2009Q2,1.59
T13,2009Q3,1.801
T13,2009Q4,1.616
T13,2010Q1,1.702
T13,2010Q2,1.517
T13,2010Q3,1.847
T13,2010Q4,1.749
T13,2011Q1,1.696
T13,2011Q2,1.6
T13,2011Q3,1.8
T13,2011Q4,1.672
T13,2012Q1,1.635
T13,2012Q2,1.617
T13,2012Q3,1.704
T13,2012Q4,1.683
T13,2013Q1,1.617
T13,2013Q2,1.661
T13,2013Q3,1.762
T13,2013Q4,1.593
T13,2014Q1,1.7
T13,2014Q2,1.584
T13,2014Q3,1.817
T13,2014Q4,1.742
T13,2015Q1,1.733
T13,2015Q2,1.651
T13,2015Q3,1.811
T13,2015Q4,1.711
T13,2016Q1,1.677
T13,2016Q2,1.712
T13,2016Q3,1.77
T13,2016Q4,1.738
T13,2017Q1,1.622
T13,2017Q2,1.632
T13,2017Q3,1.723
T13,2017Q4,1.675
T13,2018Q1,1.621
T13,2018Q2,1.611
T13,2018Q3,1.819
T13,2018Q4,1.74
T13,2019Q1,1.694
T13,2019Q2,1.648
T13,2019Q3,1.854
T13,2019Q4,1.716
T13,2020Q1,1.691
T13,2020Q2,1.707
T13,2020Q3,1.818
T13,2020Q4,1.794
T13,2021Q1,1.659
T13,2021Q2,1.627
T13,2021Q3,1.692
T13,2021Q4,1.736
T13,2022Q1,1.601
T13,2022Q2,1.545
T13,2022Q3,1.765
T13,2022Q4,1.685
T13,2023Q1,1.699
T13,2023Q2,1.588
T13,2023Q3,1.808
T13,2023Q4,1.705
T13,2024Q1,1.724
T13,2024Q2,1.692
T13,2024Q3,1.807
T13,2024Q4,1.732
T13,2025Q1,1.695
T14,2000Q1,1.599
T14,2000Q2,1.557
T14,2000Q3,1.761
T14,2000Q4,1.605
T14,2001Q1,1.69
T14,2001Q2,1.639
T14,2001Q3,1.835
T14,2001Q4,1.763
T14,2002Q1,1.726
T14,2002Q2,1.616
T14,2002Q3,1.788
T14,2002Q4,1.821
T14,2003Q1,1.672
T14,2003Q2,1.67
T14,2003Q3,1.739
T14,2003Q4,1.696
T14,2004Q1,1.543
T14,2004Q2,1.594
T14,2004Q3,1.722
T14,2004Q4,1.598
T14,2005Q1,1.671
T14,2005Q2,1.601
T14,2005Q3,1.803
T14,2005Q4,1.677
T14,2006Q1,1.71
T14,2006Q2,1.59
T14,2006Q3,1.824
T14,2006Q4,1.763
T14,2007Q1,1.695
T14,2007Q2,1.639
T14,2007Q3,1.77
T14,2007Q4,1.617
T14,2008Q1,1.567
T14,2008Q2,1.604
T14,2008Q3,1.709
T14,2008Q4,1.609
T14,2009Q1,1.616
T14,2009Q2,1.578
T14,2009Q3,1.793
T14,2009Q4,1.61
T14,2010Q1,1.693
T14,2010Q2,1.513
T14,2010Q3,1.84
T14,2010Q4,1.743
T14,2011Q1,1.688
T14,2011Q2,1.597
T14,2011Q3,1.794
T14,2011Q4,1.663
T14,2012Q1,1.629
T14,2012Q2,1.61
T14,2012Q3,1.699
T14,2012Q4,1.679
T14,2013Q1,1.609
T14,2013Q2,1.651
T14,2013Q3,1.751
T14,2013Q4,1.583
T14,2014Q1,1.693
T14,2014Q2,1.576
T14,2014Q3,1.807
T14,2014Q4,1.736
T14,2015Q1,1.726
T14,2015Q2,1.644
T14,2015Q3,1.802
T14,2015Q4,1.707
T14,2016Q1,1.671
T14,2016Q2,1.705
T14,2016Q3,1.762
T14,2016Q4,1.734
T14,2017Q1,1.616
T14,2017Q2,1.626
T14,2017Q3,1.714
T14,2017Q4,1.668
T14,2018Q1,1.611
T14,2018Q2,1.604
T14,2018Q3,1.81
T14,2018Q4,1.731
T14,2019Q1,1.688
T14,2019Q2,1.642
T14,2019Q3,1.845
T14,2019Q4,1.708
T14,2020Q1,1.682
T14,2020Q2,1.702
T14,2020Q3,1.811
T14,2020Q4,1.787
T14,2021Q1,1.65
T14,2021Q2,1.623
T14,2021Q3,1.686
T14,2021Q4,1.729
T14,2022Q1,1.592
T14,2022Q2,1.537
T14,2022Q3,1.757
T14,2022Q4,1.678
T14,2023Q1,1.69
T14,2023Q2,1.579
T14,2023Q3,1.801
T14,2023Q4,1.7
T14,2024Q1,1.716
T14,2024Q2,1.685
T14,2024Q3,1.802
T14,2024Q4,1.728
T14,2025Q1,1.688
T15,2000Q1,1.58
T15,2000Q2,1.539
T15,2000Q3,1.742
T15,2000Q4,1.588
T15,2001Q1,1.67
T15,2001Q2,1.619
T15,2001Q3,1.816
T15,2001Q4,1.745
T15,2002Q1,1.707
T15,2002Q2,1.6
T15,2002Q3,1.77
T15,2002Q4,1.804
T15,2003Q1,1.654
T15,2003Q2,1.651
T15,2003Q3,1.723
T15,2003Q4,1.681
T15,2004Q1,1.527
T15,2004Q2,1.578
T15,2004Q3,1.7
T15,2004Q4,1.584
T15,2005Q1,1.653
T15,2005Q2,1.584
T15,2005Q3,1.781
T15,2005Q4,1.663
T15,2006Q1,1.692
T15,2006Q2,1.574
T15,2006Q3,1.803
T15,2006Q4,1.743
T15,2007Q1,1.679
T15,2007Q2,1.624
T15,2007Q3,1.751
T15,2007Q4,1.605
T15,2008Q1,1.552
T15,2008Q2,1.59
T15,2008Q3,1.69
T15,2008Q4,1.593
T15,2009Q1,1.596
T15,2009Q2,1.555
T15,2009Q3,1.773
T15,2009Q4,1.593
T15,2010Q1,1.673
T15,2010Q2,1.5
T15,2010Q3,1.821
T15,2010Q4,1.726
T15,2011Q1,1.669
T15,2011Q2,1.584
T15,2011Q3,1.777
T15,2011Q4,1.645
T15,2012Q1,1.612
T15,2012Q2,1.593
T15,2012Q3,1.684
T15,2012Q4,1.664
T15,2013Q1,1.592
T15,2013Q2,1.63
T15,2013Q3,1.73
T15,2013Q4,1.564
T15,2014Q1,1.675
T15,2014Q2,1.557
T15,2014Q3,1.785
T15,2014Q4,1.721
T15,2015Q1,1.708
T15,2015Q2,1.627
T15,2015Q3,1.78
T15,2015Q4,1.692
T15,2016Q1,1.654
T15,2016Q2,1.688
T15,2016Q3,1.743
T15,2016Q4,1.72
T15,2017Q1,1.601
T15,2017Q2,1.61
T15,2017Q3,1.694
T15,2017Q4,1.651
T15,2018Q1,1.594
T15,2018Q2,1.588
T15,2018Q3,1.789
T15,2018Q4,1.711
T15,2019Q1,1.672
T15,2019Q2,1.626
T15,2019Q3,1.826
T15,2019Q4,1.691
T15,2020Q1,1.661
T15,2020Q2,1.686
T15,2020Q3,1.792
T15,2020Q4,1.769
T15,2021Q1,1.632
T15,2021Q2,1.609
T15,2021Q3,1.669
T15,2021Q4,1.713
T15,2022Q1,1.572
T15,2022Q2,1.521
T15,2022Q3,1.739
T15,2022Q4,1.662
T15,2023Q1,1.671
T15,2023Q2,1.561
T15,2023Q3,1.784
T15,2023Q4,1.682
T15,2024Q1,1.698
T15,2024Q2,1.666
T15,2024Q3,1.785
T15,2024Q4,1.712
T15,2025Q1,1.671
T16,2000Q1,1.564
T16,2000Q2,1.524
T16,2000Q3,1.725
T16,2000Q4,1.574
T16,2001Q1,1.653
T16,2001Q2,1.603
T16,2001Q3,1.799
T16,2001Q4,1.731
T16,2002Q1,1.69
T16,2002Q2,1.588
T16,2002Q3,1.754
T16,2002Q4,1.789
T16,2003Q1,1.639
T16,2003Q2,1.637
T16,2003Q3,1.71
T16,2003Q4,1.669
T16,2004Q1,1.514
T16,2004Q2,1.565
T16,2004Q3,1.681
T16,2004Q4,1.574
T16,2005Q1,1.637
T16,2005Q2,1.569
T16,2005Q3,1.763
T16,2005Q4,1.65
T16,2006Q1,1.677
T16,2006Q2,1.561
T16,2006Q3,1.785
T16,2006Q4,1.727
T16,2007Q1,1.665
T16,2007Q2,1.611
T16,2007Q3,1.735
T16,2007Q4,1.595
T16,2008Q1,1.54
T16,2008Q2,1.578
T16,2008Q3,1.672
T16,2008Q4,1.581
T16,2009Q1,1.579
T16,2009Q2,1.535
T16,2009Q3,1.755
T16,2009Q4,1.58
T16,2010Q1,1.657
T16,2010Q2,1.489
T16,2010Q3,1.805
T16,2010Q4,1.712
T16,2011Q1,1.653
T16,2011Q2,1.573
T16,2011Q3,1.763
T16,2011Q4,1.63
T16,2012Q1,1.598
T16,2012Q2,1.579
T16,2012Q3,1.671
T16,2012Q4,1.652
T16,2013Q1,1.577
T16,2013Q2,1.611
T16,2013Q3,1.711
T16,2013Q4,1.552
T16,2014Q1,1.66
T16,2014Q2,1.54
T16,2014Q3,1.768
T16,2014Q4,1.708
T16,2015Q1,1.694
T16,2015Q2,1.613
T16,2015Q3,1.766
T16,2015Q4,1.68
T16,2016Q1,1.64
T16,2016Q2,1.674
T16,2016Q3,1.727
T16,2016Q4,1.708
T16,2017Q1,1.589
T16,2017Q2,1.598
T16,2017Q3,1.676
T16,2017Q4,1.637
T16,2018Q1,1.58
T16,2018Q2,1.574
T16,2018Q3,1.772
T16,2018Q4,1.696
T16,2019Q1,1.658
T16,2019Q2,1.613
T16,2019Q3,1.809
T16,2019Q4,1.676
T16,2020Q1,1.645
T16,2020Q2,1.673
T16,2020Q3,1.776
T16,2020Q4,1.754
T16,2021Q1,1.616
T16,2021Q2,1.598
T16,2021Q3,1.654
T16,2021Q4,1.699
T16,2022Q1,1.556
T16,2022Q2,1.508
T16,2022Q3,1.722
T16,2022Q4,1.647
T16,2023Q1,1.655
T16,2023Q2,1.546
T16,2023Q3,1.769
T16,2023Q4,1.669
T16,2024Q1,1.682
T16,2024Q2,1.651
T16,2024Q3,1.771
T16,2024Q4,1.7
T16,2025Q1,1.657
T17,2000Q1,1.508
T17,2000Q2,1.478
T17,2000Q3,1.667
T17,2000Q4,1.527
T17,2001Q1,1.596
T17,2001Q2,1.554
T17,2001Q3,1.743
T17,2001Q4,1.68
T17,2002Q1,1.635
T17,2002Q2,1.548
T17,2002Q3,1.699
T17,2002Q4,1.737
T17,2003Q1,1.587
T17,2003Q2,1.586
T17,2003Q3,1.662
T17,2003Q4,1.626
T17,2004Q1,1.466
T17,2004Q2,1.518
T17,2004Q3,1.618
T17,2004Q4,1.534
T17,2005Q1,1.583
T17,2005Q2,1.519
T17,2005Q3,1.702
T17,2005Q4,1.606
T17,2006Q1,1.626
T17,2006Q2,1.516
T17,2006Q3,1.725
T17,2006Q4,1.672
T17,2007Q1,1.616
T17,2007Q2,1.567
T17,2007Q3,1.681
T17,2007Q4,1.559
T17,2008Q1,1.495
T17,2008Q2,1.536
T17,2008Q3,1.614
T17,2008Q4,1.537
T17,2009Q1,1.528
T17,2009Q2,1.472
T17,2009Q3,1.696
T17,2009Q4,1.532
T17,2010Q1,1.599
T17,2010Q2,1.452
T17,2010Q3,1.749
T17,2010Q4,1.663
T17,2011Q1,1.6
T17,2011Q2,1.534
T17,2011Q3,1.713
T17,2011Q4,1.585
T17,2012Q1,1.548
T17,2012Q2,1.537
T17,2012Q3,1.625
T17,2012Q4,1.61
T17,2013Q1,1.524
T17,2013Q2,1.55
T17,2013Q3,1.649
T17,2013Q4,1.51
T17,2014Q1,1.607
T17,2014Q2,1.485
T17,2014Q3,1.708
T17,2014Q4,1.662
T17,2015Q1,1.643
T17,2015Q2,1.567
T17,2015Q3,1.719
T17,2015Q4,1.639
T17,2016Q1,1.591
T17,2016Q2,1.627
T17,2016Q3,1.673
T17,2016Q4,1.666
T17,2017Q1,1.545
T17,2017Q2,1.555
T17,2017Q3,1.617
T17,2017Q4,1.589
T17,2018Q1,1.531
T17,2018Q2,1.526
T17,2018Q3,1.712
T17,2018Q4,1.641
T17,2019Q1,1.609
T17,2019Q2,1.567
T17,2019Q3,1.752
T17,2019Q4,1.625
T17,2020Q1,1.587
T17,2020Q2,1.627
T17,2020Q3,1.721
T17,2020Q4,1.703
T17,2021Q1,1.564
T17,2021Q2,1.557
T17,2021Q3,1.603
T17,2021Q4,1.651
T17,2022Q1,1.5
T17,2022Q2,1.462
T17,2022Q3,1.666
T17,2022Q4,1.597
T17,2023Q1,1.599
T17,2023Q2,1.496
T17,2023Q3,1.717
T17,2023Q4,1.619
T17,2024Q1,1.627
T17,2024Q2,1.6
T17,2024Q3,1.72
T17,2024Q4,1.655
T17,2025Q1,1.607
T18,2000Q1,1.435
T18,2000Q2,1.423
T18,2000Q3,1.592
T18,2000Q4,1.462
T18,2001Q1,1.52
T18,2001Q2,1.492
T18,2001Q3,1.668
T18,2001Q4,1.61
T18,2002Q1,1.56
T18,2002Q2,1.489
T18,2002Q3,1.625
T18,2002Q4,1.667
T18,2003Q1,1.516
T18,2003Q2,1.517
T18,2003Q3,1.596
T18,2003Q4,1.564
T18,2004Q1,1.401
T18,2004Q2,1.455
T18,2004Q3,1.537
T18,2004Q4,1.478
T18,2005Q1,1.51
T18,2005Q2,1.452
T18,2005Q3,1.622
T18,2005Q4,1.544
T18,2006Q1,1.555
T18,2006Q2,1.452
T18,2006Q3,1.645
T18,2006Q4,1.608
T18,2007Q1,1.548
T18,2007Q2,1.503
T18,2007Q3,1.609
T18,2007Q4,1.505
T18,2008Q1,1.432
T18,2008Q2,1.475
T18,2008Q3,1.537
T18,2008Q4,1.476
T18,2009Q1,1.462
T18,2009Q2,1.391
T18,2009Q3,1.617
T18,2009Q4,1.467
T18,2010Q1,1.523
T18,2010Q2,1.396
T18,2010Q3,1.673
T18,2010Q4,1.594
T18,2011Q1,1.528
T18,2011Q2,1.477
T18,2011Q3,1.644
T18,2011Q4,1.524
T18,2012Q1,1.481
T18,2012Q2,1.481
T18,2012Q3,1.562
T18,2012Q4,1.55
T18,2013Q1,1.453
T18,2013Q2,1.472
T18,2013Q3,1.57
T18,2013Q4,1.453
T18,2014Q1,1.535
T18,2014Q2,1.427
T18,2014Q3,1.639
T18,2014Q4,1.597
T18,2015Q1,1.572
T18,2015Q2,1.501
T18,2015Q3,1.653
T18,2015Q4,1.578
T18,2016Q1,1.525
T18,2016Q2,1.56
T18,2016Q3,1.6
T18,2016Q4,1.605
T18,2017Q1,1.483
T18,2017Q2,1.494
T18,2017Q3,1.54
T18,2017Q4,1.524
T18,2018Q1,1.464
T18,2018Q2,1.461
T18,2018Q3,1.635
T18,2018Q4,1.569
T18,2019Q1,1.541
T18,2019Q2,1.503
T18,2019Q3,1.676
T18,2019Q4,1.557
T18,2020Q1,1.511
T18,2020Q2,1.561
T18,2020Q3,1.648
T18,2020Q4,1.632
T18,2021Q1,1.494
T18,2021Q2,1.498
T18,2021Q3,1.534
T18,2021Q4,1.585
T18,2022Q1,1.427
T18,2022Q2,1.405
T18,2022Q3,1.593
T18,2022Q4,1.53
T18,2023Q1,1.524
T18,2023Q2,1.427
T18,2023Q3,1.646
T18,2023Q4,1.55
T18,2024Q1,1.554
T18,2024Q2,1.529
T18,2024Q3,1.65
T18,2024Q4,1.591
T18,2025Q1,1.538
T19,2000Q1,1.135
T19,2000Q2,1.144
T19,2000Q3,1.271
T19,2000Q4,1.175
T19,2001Q1,1.193
T19,2001Q2,1.191
T19,2001Q3,1.335
T19,2001Q4,1.286
T19,2002Q1,1.226
T19,2002Q2,1.197
T19,2002Q3,1.297
T19,2002Q4,1.337
T19,2003Q1,1.2
T19,2003Q2,1.201
T19,2003Q3,1.287
T19,2003Q4,1.256
T19,2004Q1,1.106
T19,2004Q2,1.156
T19,2004Q3,1.223
T19,2004Q4,1.198
T19,2005Q1,1.19
T19,2005Q2,1.149
T19,2005Q3,1.299
T19,2005Q4,1.246
T19,2006Q1,1.227
T19,2006Q2,1.149
T19,2006Q3,1.305
T19,2006Q4,1.294
T19,2007Q1,1.228
T19,2007Q2,1.188
T19,2007Q3,1.28
T19,2007Q4,1.221
T19,2008Q1,1.137
T19,2008Q2,1.175
T19,2008Q3,1.214
T19,2008Q4,1.186
T19,2009Q1,1.157
T19,2009Q2,1.106
T19,2009Q3,1.283
T19,2009Q4,1.171
T19,2010Q1,1.199
T19,2010Q2,1.113
T19,2010Q3,1.333
T19,2010Q4,1.274
T19,2011Q1,1.219
T19,2011Q2,1.184
T19,2011Q3,1.316
T19,2011Q4,1.229
T19,2012Q1,1.169
T19,2012Q2,1.188
T19,2012Q3,1.259
T19,2012Q4,1.246
T19,2013Q1,1.142
T19,2013Q2,1.162
T19,2013Q3,1.256
T19,2013Q4,1.18
T19,2014Q1,1.21
T19,2014Q2,1.145
T19,2014Q3,1.318
T19,2014Q4,1.284
T19,2015Q1,1.244
T19,2015Q2,1.187
T19,2015Q3,1.334
T19,2015Q4,1.273
T19,2016Q1,1.214
T19,2016Q2,1.238
T19,2016Q3,1.278
T19,2016Q4,1.3
T19,2017Q1,1.186
T19,2017Q2,1.19
T19,2017Q3,1.221
T19,2017Q4,1.225
T19,2018Q1,1.163
T19,2018Q2,1.158
T19,2018Q3,1.3
T19,2018Q4,1.245
T19,2019Q1,1.227
T19,2019Q2,1.198
T19,2019Q3,1.336
T19,2019Q4,1.246
T19,2020Q1,1.196
T19,2020Q2,1.246
T19,2020Q3,1.321
T19,2020Q4,1.303
T19,2021Q1,1.196
T19,2021Q2,1.199
T19,2021Q3,1.226
T19,2021Q4,1.276
T19,2022Q1,1.117
T19,2022Q2,1.131
T19,2022Q3,1.272
T19,2022Q4,1.23
T19,2023Q1,1.195
T19,2023Q2,1.143
T19,2023Q3,1.317
T19,2023Q4,1.228
T19,2024Q1,1.225
T19,2024Q2,1.199
T19,2024Q3,1.325
T19,2024Q4,1.279
T19,2025Q1,1.215
T20,2000Q1,1.102
T20,2000Q2,1.109
T20,2000Q3,1.241
T20,2000Q4,1.144
T20,2001Q1,1.166
T20,2001Q2,1.156
T20,2001Q3,1.302
T20,2001Q4,1.255
T20,2002Q1,1.198
T20,2002Q2,1.158
T20,2002Q3,1.262
T20,2002Q4,1.303
T20,2003Q1,1.168
T20,2003Q2,1.167
T20,2003Q3,1.25
T20,2003Q4,1.223
T20,2004Q1,1.075
T20,2004Q2,1.125
T20,2004Q3,1.193
T20,2004Q4,1.163
T20,2005Q1,1.159
T20,2005Q2,1.119
T20,2005Q3,1.263
T20,2005Q4,1.211
T20,2006Q1,1.195
T20,2006Q2,1.119
T20,2006Q3,1.276
T20,2006Q4,1.258
T20,2007Q1,1.192
T20,2007Q2,1.156
T20,2007Q3,1.251
T20,2007Q4,1.183
T20,2008Q1,1.1
T20,2008Q2,1.14
T20,2008Q3,1.188
T20,2008Q4,1.151
T20,2009Q1,1.124
T20,2009Q2,1.074
T20,2009Q3,1.252
T20,2009Q4,1.141
T20,2010Q1,1.161
T20,2010Q2,1.081
T20,2010Q3,1.3
T20,2010Q4,1.242
T20,2011Q1,1.18
T20,2011Q2,1.147
T20,2011Q3,1.283
T20,2011Q4,1.197
T20,2012Q1,1.138
T20,2012Q2,1.15
T20,2012Q3,1.223
T20,2012Q4,1.214
T20,2013Q1,1.112
T20,2013Q2,1.132
T20,2013Q3,1.221
T20,2013Q4,1.145
T20,2014Q1,1.178
T20,2014Q2,1.108
T20,2014Q3,1.281
T20,2014Q4,1.25
T20,2015Q1,1.211
T20,2015Q2,1.156
T20,2015Q3,1.296
T20,2015Q4,1.237
T20,2016Q1,1.177
T20,2016Q2,1.206
T20,2016Q3,1.249
T20,2016Q4,1.263
T20,2017Q1,1.149
T20,2017Q2,1.158
T20,2017Q3,1.193
T20,2017Q4,1.195
T20,2018Q1,1.128
T20,2018Q2,1.128
T20,2018Q3,1.271
T20,2018Q4,1.218
T20,2019Q1,1.191
T20,2019Q2,1.163
T20,2019Q3,1.306
T20,2019Q4,1.217
T20,2020Q1,1.16
T20,2020Q2,1.21
T20,2020Q3,1.287
T20,2020Q4,1.273
T20,2021Q1,1.157
T20,2021Q2,1.163
T20,2021Q3,1.194
T20,2021Q4,1.242
T20,2022Q1,1.092
T20,2022Q2,1.094
T20,2022Q3,1.24
T20,2022Q4,1.198
T20,2023Q1,1.168
T20,2023Q2,1.107
T20,2023Q3,1.284
T20,2023Q4,1.201
T20,2024Q1,1.193
T20,2024Q2,1.172
T20,2024Q3,1.288
T20,2024Q4,1.243
T20,2025Q1,1.183
T21,2000Q1,1.062
T21,2000Q2,1.071
T21,2000Q3,1.203
T21,2000Q4,1.109
T21,2001Q1,1.124
T21,2001Q2,1.115
T21,2001Q3,1.261
T21,2001Q4,1.215
T21,2002Q1,1.156
T21,2002Q2,1.117
T21,2002Q3,1.222
T21,2002Q4,1.261
T21,2003Q1,1.126
T21,2003Q2,1.126
T21,2003Q3,1.211
T21,2003Q4,1.183
T21,2004Q1,1.037
T21,2004Q2,1.085
T21,2004Q3,1.156
T21,2004Q4,1.127
T21,2005Q1,1.118
T21,2005Q2,1.081
T21,2005Q3,1.222
T21,2005Q4,1.172
T21,2006Q1,1.152
T21,2006Q2,1.08
T21,2006Q3,1.236
T21,2006Q4,1.217
T21,2007Q1,1.149
T21,2007Q2,1.114
T21,2007Q3,1.212
T21,2007Q4,1.143
T21,2008Q1,1.06
T21,2008Q2,1.099
T21,2008Q3,1.152
T21,2008Q4,1.115
T21,2009Q1,1.083
T21,2009Q2,1.036
T21,2009Q3,1.213
T21,2009Q4,1.106
T21,2010Q1,1.119
T21,2010Q2,1.042
T21,2010Q3,1.258
T21,2010Q4,1.203
T21,2011Q1,1.136
T21,2011Q2,1.104
T21,2011Q3,1.241
T21,2011Q4,1.159
T21,2012Q1,1.097
T21,2012Q2,1.107
T21,2012Q3,1.184
T21,2012Q4,1.174
T21,2013Q1,1.074
T21,2013Q2,1.096
T21,2013Q3,1.183
T21,2013Q4,1.109
T21,2014Q1,1.136
T21,2014Q2,1.067
T21,2014Q3,1.239
T21,2014Q4,1.21
T21,2015Q1,1.167
T21,2015Q2,1.115
T21,2015Q3,1.254
T21,2015Q4,1.196
T21,2016Q1,1.134
T21,2016Q2,1.162
T21,2016Q3,1.21
T21,2016Q4,1.221
T21,2017Q1,1.108
T21,2017Q2,1.118
T21,2017Q3,1.157
T21,2017Q4,1.158
T21,2018Q1,1.087
T21,2018Q2,1.088
T21,2018Q3,1.232
T21,2018Q4,1.18
T21,2019Q1,1.148
T21,2019Q2,1.122
T21,2019Q3,1.265
T21,2019Q4,1.179
T21,2020Q1,1.119
T21,2020Q2,1.166
T21,2020Q3,1.247
T21,2020Q4,1.232
T21,2021Q1,1.114
T21,2021Q2,1.121
T21,2021Q3,1.157
T21,2021Q4,1.203
T21,2022Q1,1.054
T21,2022Q2,1.054
T21,2022Q3,1.202
T21,2022Q4,1.162
T21,2023Q1,1.126
T21,2023Q2,1.067
T21,2023Q3,1.243
T21,2023Q4,1.162
T21,2024Q1,1.15
T21,2024Q2,1.129
T21,2024Q3,1.247
T21,2024Q4,1.202
T21,2025Q1,1.141
T22,2000Q1,0.945
T22,2000Q2,0.959
T22,2000Q3,1.06
T22,2000Q4,0.994
T22,2001Q1,0.985
T22,2001Q2,0.994
T22,2001Q3,1.118
T22,2001Q4,1.083
T22,2002Q1,1.018
T22,2002Q2,1.002
T22,2002Q3,1.087
T22,2002Q4,1.123
T22,2003Q1,0.997
T22,2003Q2,1.005
T22,2003Q3,1.084
T22,2003Q4,1.057
T22,2004Q1,0.918
T22,2004Q2,0.963
T22,2004Q3,1.024
T22,2004Q4,1.013
T22,2005Q1,0.986
T22,2005Q2,0.956
T22,2005Q3,1.089
T22,2005Q4,1.051
T22,2006Q1,1.017
T22,2006Q2,0.954
T22,2006Q3,1.086
T22,2006Q4,1.088
T22,2007Q1,1.021
T22,2007Q2,0.99
T22,2007Q3,1.076
T22,2007Q4,1.03
T22,2008Q1,0.947
T22,2008Q2,0.979
T22,2008Q3,1.018
T22,2008Q4,1.002
T22,2009Q1,0.959
T22,2009Q2,0.92
T22,2009Q3,1.068
T22,2009Q4,0.988
T22,2010Q1,0.996
T22,2010Q2,0.926
T22,2010Q3,1.111
T22,2010Q4,1.068
T22,2011Q1,1.014
T22,2011Q2,0.987
T22,2011Q3,1.1
T22,2011Q4,1.033
T22,2012Q1,0.968
T22,2012Q2,0.991
T22,2012Q3,1.058
T22,2012Q4,1.047
T22,2013Q1,0.946
T22,2013Q2,0.967
T22,2013Q3,1.048
T22,2013Q4,0.996
T22,2014Q1,1.001
T22,2014Q2,0.955
T22,2014Q3,1.103
T22,2014Q4,1.081
T22,2015Q1,1.03
T22,2015Q2,0.987
T22,2015Q3,1.122
T22,2015Q4,1.074
T22,2016Q1,1.009
T22,2016Q2,1.029
T22,2016Q3,1.071
T22,2016Q4,1.097
T22,2017Q1,0.989
T22,2017Q2,0.993
T22,2017Q3,1.013
T22,2017Q4,1.032
T22,2018Q1,0.966
T22,2018Q2,0.962
T22,2018Q3,1.083
T22,2018Q4,1.048
T22,2019Q1,1.022
T22,2019Q2,1.002
T22,2019Q3,1.117
T22,2019Q4,1.05
T22,2020Q1,0.995
T22,2020Q2,1.04
T22,2020Q3,1.108
T22,2020Q4,1.092
T22,2021Q1,0.999
T22,2021Q2,1.002
T22,2021Q3,1.027
T22,2021Q4,1.074
T22,2022Q1,0.923
T22,2022Q2,0.948
T22,2022Q3,1.064
T22,2022Q4,1.036
T22,2023Q1,0.987
T22,2023Q2,0.957
T22,2023Q3,1.104
T22,2023Q4,1.031
T22,2024Q1,1.016
T22,2024Q2,0.99
T22,2024Q3,1.113
T22,2024Q4,1.078
T22,2025Q1,1.008
T23,2000Q1,0.715
T23,2000Q2,0.735
T23,2000Q3,0.826
T23,2000Q4,0.776
T23,2001Q1,0.738
T23,2001Q2,0.758
T23,2001Q3,0.867
T23,2001Q4,0.842
T23,2002Q1,0.774
T23,2002Q2,0.766
T23,2002Q3,0.839
T23,2002Q4,0.873
T23,2003Q1,0.751
T23,2003Q2,0.769
T23,2003Q3,0.842
T23,2003Q4,0.824
T23,2004Q1,0.692
T23,2004Q2,0.732
T23,2004Q3,0.8
T23,2004Q4,0.792
T23,2005Q1,0.741
T23,2005Q2,0.724
T23,2005Q3,0.846
T23,2005Q4,0.818
T23,2006Q1,0.769
T23,2006Q2,0.725
T23,2006Q3,0.836
T23,2006Q4,0.848
T23,2007Q1,0.771
T23,2007Q2,0.752
T23,2007Q3,0.836
T23,2007Q4,0.8
T23,2008Q1,0.715
T23,2008Q2,0.745
T23,2008Q3,0.79
T23,2008Q4,0.782
T23,2009Q1,0.724
T23,2009Q2,0.698
T23,2009Q3,0.821
T23,2009Q4,0.77
T23,2010Q1,0.751
T23,2010Q2,0.706
T23,2010Q3,0.858
T23,2010Q4,0.828
T23,2011Q1,0.768
T23,2011Q2,0.751
T23,2011Q3,0.854
T23,2011Q4,0.799
T23,2012Q1,0.727
T23,2012Q2,0.755
T23,2012Q3,0.819
T23,2012Q4,0.815
T23,2013Q1,0.707
T23,2013Q2,0.732
T23,2013Q3,0.813
T23,2013Q4,0.776
T23,2014Q1,0.75
T23,2014Q2,0.726
T23,2014Q3,0.853
T23,2014Q4,0.84
T23,2015Q1,0.777
T23,2015Q2,0.749
T23,2015Q3,0.871
T23,2015Q4,0.835
T23,2016Q1,0.76
T23,2016Q2,0.781
T23,2016Q3,0.829
T23,2016Q4,0.855
T23,2017Q1,0.751
T23,2017Q2,0.758
T23,2017Q3,0.784
T23,2017Q4,0.804
T23,2018Q1,0.727
T23,2018Q2,0.729
T23,2018Q3,0.837
T23,2018Q4,0.819
T23,2019Q1,0.774
T23,2019Q2,0.764
T23,2019Q3,0.867
T23,2019Q4,0.818
T23,2020Q1,0.751
T23,2020Q2,0.793
T23,2020Q3,0.857
T23,2020Q4,0.85
T23,2021Q1,0.76
T23,2021Q2,0.767
T23,2021Q3,0.795
T23,2021Q4,0.836
T23,2022Q1,0.69
T23,2022Q2,0.726
T23,2022Q3,0.825
T23,2022Q4,0.807
T23,2023Q1,0.742
T23,2023Q2,0.73
T23,2023Q3,0.858
T23,2023Q4,0.801
T23,2024Q1,0.763
T23,2024Q2,0.755
T23,2024Q3,0.862
T23,2024Q4,0.837
T23,2025Q1,0.763
