tramo,nombre,lat,lon,km_inicio,km_fin,punto_simar,celda_copernicus,estacion_redmar
T01,Isla Cristina (1),37.1932,-7.3453,0.0,9.9,SIMAR_01,IBI_01,Huelva
T02,Isla Cristina (2),37.1853,-7.2352,9.9,19.8,SIMAR_02,IBI_02,Huelva
T03,Punta Umbría (3),37.1792,-7.1248,19.8,29.6,SIMAR_03,IBI_03,Huelva
T04,Punta Umbría (4),37.173,-7.0144,29.6,39.5,SIMAR_04,IBI_04,Huelva
T05,Punta Umbría (5),37.1539,-6.9076,39.5,49.4,SIMAR_05,IBI_05,Huelva
T06,Mazagón (6),37.1186,-6.8063,49.4,59.3,SIMAR_06,IBI_06,Huelva
T07,Mazagón (7),37.0729,-6.7114,59.3,69.2,SIMAR_07,IBI_07,Huelva
T08,Matalascañas (8),37.0272,-6.6165,69.2,79.0,SIMAR_08,IBI_08,Huelva
T09,Matalascañas (9),36.9698,-6.5358,79.0,88.9,SIMAR_09,IBI_09,Bonanza
T10,Desembocadura Guadalquivir (10),36.895,-6.476,88.9,98.8,SIMAR_10,IBI_10,Bonanza
T11,Desembocadura Guadalquivir (11),36.8203,-6.4162,98.8,108.7,SIMAR_11,IBI_11,Bonanza
T12,Chipiona (12),36.7429,-6.4381,108.7,118.6,SIMAR_12,IBI_12,Bonanza
T13,Rota (13),36.6646,-6.3897,118.6,128.4,SIMAR_13,IBI_13,Bonanza
T14,Rota (14),36.5863,-6.3375,128.4,138.3,SIMAR_14,IBI_14,Bonanza
T15,Cádiz (15),36.5081,-6.2848,138.3,148.2,SIMAR_15,IBI_15,Bonanza
T16,Sancti Petri (16),36.4305,-6.2311,148.2,158.1,SIMAR_16,IBI_16,Bonanza
T17,Sancti Petri (17),36.3579,-6.1679,158.1,167.9,SIMAR_17,IBI_17,Bonanza
T18,Conil (18),36.2886,-6.0986,167.9,177.8,SIMAR_18,IBI_18,Bonanza
T19,Conil (19),36.234,-6.0118,177.8,187.7,SIMAR_19,IBI_19,Tarifa
T20,Barbate (20),36.1815,-5.9226,187.7,197.6,SIMAR_20,IBI_20,Tarifa
T21,Zahara (21),36.1274,-5.8348,197.6,207.5,SIMAR_21,IBI_21,Tarifa
T22,Zahara (22),36.0805,-5.7409,207.5,217.3,SIMAR_22,IBI_22,Tarifa
T23,Tarifa (23),36.0335,-5.647,217.3,227.2,SIMAR_23,IBI_23,Tarifa
